club,busyness,date
ANTAKALNIS,10%,2021-12-12 16:00:06
BANGINIS,11%,2021-12-12 16:00:06
EUROPA,9%,2021-12-12 16:00:06
FABIJONIŠKĖS,10%,2021-12-12 16:00:06
PERKŪNKIEMIS,10%,2021-12-12 16:00:06
PILAITĖ,10%,2021-12-12 16:00:06
SAVANORIAI,9%,2021-12-12 16:00:06
ŠILAINIAI,13%,2021-12-12 16:00:06
ŽALGIRIO ARENA,12%,2021-12-12 16:00:06
ANTAKALNIS,8%,2021-12-12 17:00:06
BANGINIS,13%,2021-12-12 17:00:06
EUROPA,6%,2021-12-12 17:00:06
FABIJONIŠKĖS,9%,2021-12-12 17:00:06
PERKŪNKIEMIS,9%,2021-12-12 17:00:06
PILAITĖ,10%,2021-12-12 17:00:06
SAVANORIAI,10%,2021-12-12 17:00:06
ŠILAINIAI,13%,2021-12-12 17:00:06
ŽALGIRIO ARENA,7%,2021-12-12 17:00:06
ANTAKALNIS,12%,2021-12-12 18:00:06
BANGINIS,15%,2021-12-12 18:00:06
EUROPA,6%,2021-12-12 18:00:06
FABIJONIŠKĖS,13%,2021-12-12 18:00:06
PERKŪNKIEMIS,15%,2021-12-12 18:00:06
PILAITĖ,11%,2021-12-12 18:00:06
SAVANORIAI,13%,2021-12-12 18:00:06
ŠILAINIAI,8%,2021-12-12 18:00:06
ŽALGIRIO ARENA,10%,2021-12-12 18:00:06
ANTAKALNIS,12%,2021-12-12 19:00:06
BANGINIS,14%,2021-12-12 19:00:06
EUROPA,5%,2021-12-12 19:00:06
FABIJONIŠKĖS,15%,2021-12-12 19:00:06
PERKŪNKIEMIS,10%,2021-12-12 19:00:06
PILAITĖ,9%,2021-12-12 19:00:06
SAVANORIAI,11%,2021-12-12 19:00:06
ŠILAINIAI,10%,2021-12-12 19:00:06
ŽALGIRIO ARENA,10%,2021-12-12 19:00:06
ANTAKALNIS,4%,2021-12-12 20:00:58
BANGINIS,8%,2021-12-12 20:00:58
EUROPA,1%,2021-12-12 20:00:58
FABIJONIŠKĖS,3%,2021-12-12 20:00:58
PERKŪNKIEMIS,0%,2021-12-12 20:00:58
PILAITĖ,0%,2021-12-12 20:00:58
SAVANORIAI,9%,2021-12-12 20:00:58
ŠILAINIAI,4%,2021-12-12 20:00:58
ŽALGIRIO ARENA,4%,2021-12-12 20:00:58
ANTAKALNIS,1%,2021-12-12 21:00:06
BANGINIS,9%,2021-12-12 21:00:06
EUROPA,0%,2021-12-12 21:00:06
FABIJONIŠKĖS,0%,2021-12-12 21:00:06
PERKŪNKIEMIS,0%,2021-12-12 21:00:06
PILAITĖ,0%,2021-12-12 21:00:06
SAVANORIAI,11%,2021-12-12 21:00:06
ŠILAINIAI,2%,2021-12-12 21:00:06
ŽALGIRIO ARENA,0%,2021-12-12 21:00:06
ANTAKALNIS,0%,2021-12-12 22:00:06
BANGINIS,4%,2021-12-12 22:00:06
EUROPA,0%,2021-12-12 22:00:06
FABIJONIŠKĖS,0%,2021-12-12 22:00:06
PERKŪNKIEMIS,0%,2021-12-12 22:00:06
PILAITĖ,0%,2021-12-12 22:00:06
SAVANORIAI,7%,2021-12-12 22:00:06
ŠILAINIAI,1%,2021-12-12 22:00:06
ŽALGIRIO ARENA,0%,2021-12-12 22:00:06
ANTAKALNIS,0%,2021-12-12 23:00:06
BANGINIS,5%,2021-12-12 23:00:06
EUROPA,0%,2021-12-12 23:00:06
FABIJONIŠKĖS,0%,2021-12-12 23:00:06
PERKŪNKIEMIS,0%,2021-12-12 23:00:06
PILAITĖ,0%,2021-12-12 23:00:06
SAVANORIAI,3%,2021-12-12 23:00:06
ŠILAINIAI,1%,2021-12-12 23:00:06
ŽALGIRIO ARENA,0%,2021-12-12 23:00:06
ANTAKALNIS,0%,2021-12-13 00:00:07
BANGINIS,2%,2021-12-13 00:00:07
EUROPA,0%,2021-12-13 00:00:07
FABIJONIŠKĖS,0%,2021-12-13 00:00:07
PERKŪNKIEMIS,0%,2021-12-13 00:00:07
PILAITĖ,0%,2021-12-13 00:00:07
SAVANORIAI,2%,2021-12-13 00:00:07
ŠILAINIAI,1%,2021-12-13 00:00:07
ŽALGIRIO ARENA,0%,2021-12-13 00:00:07
ANTAKALNIS,0%,2021-12-13 01:00:06
BANGINIS,0%,2021-12-13 01:00:06
EUROPA,0%,2021-12-13 01:00:06
FABIJONIŠKĖS,0%,2021-12-13 01:00:06
PERKŪNKIEMIS,0%,2021-12-13 01:00:06
PILAITĖ,0%,2021-12-13 01:00:06
SAVANORIAI,2%,2021-12-13 01:00:06
ŠILAINIAI,1%,2021-12-13 01:00:06
ŽALGIRIO ARENA,0%,2021-12-13 01:00:06
ANTAKALNIS,0%,2021-12-13 02:00:06
BANGINIS,1%,2021-12-13 02:00:06
EUROPA,0%,2021-12-13 02:00:06
FABIJONIŠKĖS,0%,2021-12-13 02:00:06
PERKŪNKIEMIS,0%,2021-12-13 02:00:06
PILAITĖ,0%,2021-12-13 02:00:06
SAVANORIAI,2%,2021-12-13 02:00:06
ŠILAINIAI,1%,2021-12-13 02:00:06
ŽALGIRIO ARENA,0%,2021-12-13 02:00:06
ANTAKALNIS,0%,2021-12-13 03:00:06
BANGINIS,0%,2021-12-13 03:00:06
EUROPA,0%,2021-12-13 03:00:06
FABIJONIŠKĖS,0%,2021-12-13 03:00:06
PERKŪNKIEMIS,0%,2021-12-13 03:00:06
PILAITĖ,0%,2021-12-13 03:00:06
SAVANORIAI,1%,2021-12-13 03:00:06
ŠILAINIAI,1%,2021-12-13 03:00:06
ŽALGIRIO ARENA,0%,2021-12-13 03:00:06
ANTAKALNIS,0%,2021-12-13 04:00:06
BANGINIS,0%,2021-12-13 04:00:06
EUROPA,0%,2021-12-13 04:00:06
FABIJONIŠKĖS,0%,2021-12-13 04:00:06
PERKŪNKIEMIS,0%,2021-12-13 04:00:06
PILAITĖ,0%,2021-12-13 04:00:06
SAVANORIAI,0%,2021-12-13 04:00:06
ŠILAINIAI,1%,2021-12-13 04:00:06
ŽALGIRIO ARENA,0%,2021-12-13 04:00:06
ANTAKALNIS,0%,2021-12-13 05:00:06
BANGINIS,0%,2021-12-13 05:00:06
EUROPA,0%,2021-12-13 05:00:06
FABIJONIŠKĖS,0%,2021-12-13 05:00:06
PERKŪNKIEMIS,0%,2021-12-13 05:00:06
PILAITĖ,0%,2021-12-13 05:00:06
SAVANORIAI,1%,2021-12-13 05:00:06
ŠILAINIAI,1%,2021-12-13 05:00:06
ŽALGIRIO ARENA,0%,2021-12-13 05:00:06
ANTAKALNIS,1%,2021-12-13 06:00:06
BANGINIS,2%,2021-12-13 06:00:06
EUROPA,0%,2021-12-13 06:00:06
FABIJONIŠKĖS,0%,2021-12-13 06:00:06
PERKŪNKIEMIS,0%,2021-12-13 06:00:06
PILAITĖ,0%,2021-12-13 06:00:06
SAVANORIAI,3%,2021-12-13 06:00:06
ŠILAINIAI,4%,2021-12-13 06:00:06
ŽALGIRIO ARENA,0%,2021-12-13 06:00:06
ANTAKALNIS,4%,2021-12-13 07:00:06
BANGINIS,7%,2021-12-13 07:00:06
EUROPA,7%,2021-12-13 07:00:06
FABIJONIŠKĖS,5%,2021-12-13 07:00:06
PERKŪNKIEMIS,5%,2021-12-13 07:00:06
PILAITĖ,7%,2021-12-13 07:00:06
SAVANORIAI,5%,2021-12-13 07:00:06
ŠILAINIAI,11%,2021-12-13 07:00:06
ŽALGIRIO ARENA,6%,2021-12-13 07:00:06
ANTAKALNIS,6%,2021-12-13 08:00:06
BANGINIS,11%,2021-12-13 08:00:06
EUROPA,11%,2021-12-13 08:00:06
FABIJONIŠKĖS,6%,2021-12-13 08:00:06
PERKŪNKIEMIS,5%,2021-12-13 08:00:06
PILAITĖ,6%,2021-12-13 08:00:06
SAVANORIAI,4%,2021-12-13 08:00:06
ŠILAINIAI,11%,2021-12-13 08:00:06
ŽALGIRIO ARENA,10%,2021-12-13 08:00:06
ANTAKALNIS,8%,2021-12-13 09:00:06
BANGINIS,12%,2021-12-13 09:00:06
EUROPA,9%,2021-12-13 09:00:06
FABIJONIŠKĖS,7%,2021-12-13 09:00:06
PERKŪNKIEMIS,7%,2021-12-13 09:00:06
PILAITĖ,5%,2021-12-13 09:00:06
SAVANORIAI,7%,2021-12-13 09:00:06
ŠILAINIAI,14%,2021-12-13 09:00:06
ŽALGIRIO ARENA,14%,2021-12-13 09:00:06
ANTAKALNIS,11%,2021-12-13 10:00:06
BANGINIS,11%,2021-12-13 10:00:06
EUROPA,7%,2021-12-13 10:00:06
FABIJONIŠKĖS,14%,2021-12-13 10:00:06
PERKŪNKIEMIS,6%,2021-12-13 10:00:06
PILAITĖ,4%,2021-12-13 10:00:06
SAVANORIAI,8%,2021-12-13 10:00:06
ŠILAINIAI,17%,2021-12-13 10:00:06
ŽALGIRIO ARENA,14%,2021-12-13 10:00:06
ANTAKALNIS,10%,2021-12-13 11:00:06
BANGINIS,8%,2021-12-13 11:00:06
EUROPA,7%,2021-12-13 11:00:06
FABIJONIŠKĖS,11%,2021-12-13 11:00:06
PERKŪNKIEMIS,4%,2021-12-13 11:00:06
PILAITĖ,6%,2021-12-13 11:00:06
SAVANORIAI,14%,2021-12-13 11:00:06
ŠILAINIAI,15%,2021-12-13 11:00:06
ŽALGIRIO ARENA,10%,2021-12-13 11:00:06
ANTAKALNIS,7%,2021-12-13 12:00:06
BANGINIS,7%,2021-12-13 12:00:06
EUROPA,14%,2021-12-13 12:00:06
FABIJONIŠKĖS,11%,2021-12-13 12:00:06
PERKŪNKIEMIS,10%,2021-12-13 12:00:06
PILAITĖ,7%,2021-12-13 12:00:06
SAVANORIAI,16%,2021-12-13 12:00:06
ŠILAINIAI,15%,2021-12-13 12:00:06
ŽALGIRIO ARENA,7%,2021-12-13 12:00:06
ANTAKALNIS,6%,2021-12-13 13:00:06
BANGINIS,8%,2021-12-13 13:00:06
EUROPA,18%,2021-12-13 13:00:06
FABIJONIŠKĖS,12%,2021-12-13 13:00:06
PERKŪNKIEMIS,11%,2021-12-13 13:00:06
PILAITĖ,9%,2021-12-13 13:00:06
SAVANORIAI,16%,2021-12-13 13:00:06
ŠILAINIAI,9%,2021-12-13 13:00:06
ŽALGIRIO ARENA,3%,2021-12-13 13:00:06
ANTAKALNIS,14%,2021-12-13 14:00:06
BANGINIS,9%,2021-12-13 14:00:06
EUROPA,11%,2021-12-13 14:00:06
FABIJONIŠKĖS,11%,2021-12-13 14:00:06
PERKŪNKIEMIS,9%,2021-12-13 14:00:06
PILAITĖ,7%,2021-12-13 14:00:06
SAVANORIAI,11%,2021-12-13 14:00:06
ŠILAINIAI,12%,2021-12-13 14:00:06
ŽALGIRIO ARENA,0%,2021-12-13 14:00:06
ANTAKALNIS,17%,2021-12-13 15:00:06
BANGINIS,12%,2021-12-13 15:00:06
EUROPA,9%,2021-12-13 15:00:06
FABIJONIŠKĖS,12%,2021-12-13 15:00:06
PERKŪNKIEMIS,10%,2021-12-13 15:00:06
PILAITĖ,7%,2021-12-13 15:00:06
SAVANORIAI,15%,2021-12-13 15:00:06
ŠILAINIAI,16%,2021-12-13 15:00:06
ŽALGIRIO ARENA,0%,2021-12-13 15:00:06
ANTAKALNIS,18%,2021-12-13 16:00:06
BANGINIS,18%,2021-12-13 16:00:06
EUROPA,15%,2021-12-13 16:00:06
FABIJONIŠKĖS,18%,2021-12-13 16:00:06
PERKŪNKIEMIS,13%,2021-12-13 16:00:06
PILAITĖ,12%,2021-12-13 16:00:06
SAVANORIAI,22%,2021-12-13 16:00:06
ŠILAINIAI,21%,2021-12-13 16:00:06
ŽALGIRIO ARENA,1%,2021-12-13 16:00:06
ANTAKALNIS,19%,2021-12-13 17:00:06
BANGINIS,24%,2021-12-13 17:00:06
EUROPA,22%,2021-12-13 17:00:06
FABIJONIŠKĖS,23%,2021-12-13 17:00:06
PERKŪNKIEMIS,21%,2021-12-13 17:00:06
PILAITĖ,23%,2021-12-13 17:00:06
SAVANORIAI,23%,2021-12-13 17:00:06
ŠILAINIAI,24%,2021-12-13 17:00:06
ŽALGIRIO ARENA,8%,2021-12-13 17:00:06
ANTAKALNIS,19%,2021-12-13 18:00:06
BANGINIS,29%,2021-12-13 18:00:06
EUROPA,19%,2021-12-13 18:00:06
FABIJONIŠKĖS,22%,2021-12-13 18:00:06
PERKŪNKIEMIS,23%,2021-12-13 18:00:06
PILAITĖ,26%,2021-12-13 18:00:06
SAVANORIAI,20%,2021-12-13 18:00:06
ŠILAINIAI,24%,2021-12-13 18:00:06
ŽALGIRIO ARENA,13%,2021-12-13 18:00:06
ANTAKALNIS,13%,2021-12-13 19:00:06
BANGINIS,23%,2021-12-13 19:00:06
EUROPA,23%,2021-12-13 19:00:06
FABIJONIŠKĖS,24%,2021-12-13 19:00:06
PERKŪNKIEMIS,28%,2021-12-13 19:00:06
PILAITĖ,16%,2021-12-13 19:00:06
SAVANORIAI,21%,2021-12-13 19:00:06
ŠILAINIAI,26%,2021-12-13 19:00:06
ŽALGIRIO ARENA,16%,2021-12-13 19:00:06
ANTAKALNIS,25%,2021-12-13 20:00:06
BANGINIS,28%,2021-12-13 20:00:06
EUROPA,24%,2021-12-13 20:00:06
FABIJONIŠKĖS,23%,2021-12-13 20:00:06
PERKŪNKIEMIS,23%,2021-12-13 20:00:06
PILAITĖ,19%,2021-12-13 20:00:06
SAVANORIAI,18%,2021-12-13 20:00:06
ŠILAINIAI,24%,2021-12-13 20:00:06
ŽALGIRIO ARENA,12%,2021-12-13 20:00:06
ANTAKALNIS,25%,2021-12-13 21:00:06
BANGINIS,23%,2021-12-13 21:00:06
EUROPA,16%,2021-12-13 21:00:06
FABIJONIŠKĖS,19%,2021-12-13 21:00:06
PERKŪNKIEMIS,17%,2021-12-13 21:00:06
PILAITĖ,15%,2021-12-13 21:00:06
SAVANORIAI,20%,2021-12-13 21:00:06
ŠILAINIAI,30%,2021-12-13 21:00:06
ŽALGIRIO ARENA,13%,2021-12-13 21:00:06
ANTAKALNIS,14%,2021-12-13 22:00:07
BANGINIS,12%,2021-12-13 22:00:07
EUROPA,7%,2021-12-13 22:00:07
FABIJONIŠKĖS,11%,2021-12-13 22:00:07
PERKŪNKIEMIS,9%,2021-12-13 22:00:07
PILAITĖ,5%,2021-12-13 22:00:07
SAVANORIAI,14%,2021-12-13 22:00:07
ŠILAINIAI,13%,2021-12-13 22:00:07
ŽALGIRIO ARENA,4%,2021-12-13 22:00:07
ANTAKALNIS,14%,2021-12-14 15:00:09
BANGINIS,12%,2021-12-14 15:00:09
EUROPA,9%,2021-12-14 15:00:09
FABIJONIŠKĖS,13%,2021-12-14 15:00:09
PERKŪNKIEMIS,8%,2021-12-14 15:00:09
PILAITĖ,5%,2021-12-14 15:00:09
SAVANORIAI,13%,2021-12-14 15:00:09
ŠILAINIAI,16%,2021-12-14 15:00:09
ŽALGIRIO ARENA,4%,2021-12-14 15:00:09
ANTAKALNIS,22%,2021-12-14 16:00:08
BANGINIS,19%,2021-12-14 16:00:08
EUROPA,12%,2021-12-14 16:00:08
FABIJONIŠKĖS,19%,2021-12-14 16:00:08
PERKŪNKIEMIS,12%,2021-12-14 16:00:08
PILAITĖ,9%,2021-12-14 16:00:08
SAVANORIAI,19%,2021-12-14 16:00:08
ŠILAINIAI,19%,2021-12-14 16:00:08
ŽALGIRIO ARENA,14%,2021-12-14 16:00:08
ANTAKALNIS,23%,2021-12-14 17:00:08
BANGINIS,21%,2021-12-14 17:00:08
EUROPA,17%,2021-12-14 17:00:08
FABIJONIŠKĖS,17%,2021-12-14 17:00:08
PERKŪNKIEMIS,15%,2021-12-14 17:00:08
PILAITĖ,11%,2021-12-14 17:00:08
SAVANORIAI,27%,2021-12-14 17:00:08
ŠILAINIAI,17%,2021-12-14 17:00:08
ŽALGIRIO ARENA,16%,2021-12-14 17:00:08
ANTAKALNIS,25%,2021-12-14 18:00:08
BANGINIS,28%,2021-12-14 18:00:08
EUROPA,24%,2021-12-14 18:00:08
FABIJONIŠKĖS,17%,2021-12-14 18:00:08
PERKŪNKIEMIS,18%,2021-12-14 18:00:08
PILAITĖ,17%,2021-12-14 18:00:08
SAVANORIAI,26%,2021-12-14 18:00:08
ŠILAINIAI,29%,2021-12-14 18:00:08
ŽALGIRIO ARENA,12%,2021-12-14 18:00:08
ANTAKALNIS,25%,2021-12-14 19:00:08
BANGINIS,27%,2021-12-14 19:00:08
EUROPA,26%,2021-12-14 19:00:08
FABIJONIŠKĖS,18%,2021-12-14 19:00:08
PERKŪNKIEMIS,24%,2021-12-14 19:00:08
PILAITĖ,18%,2021-12-14 19:00:08
SAVANORIAI,21%,2021-12-14 19:00:08
ŠILAINIAI,33%,2021-12-14 19:00:08
ŽALGIRIO ARENA,7%,2021-12-14 19:00:08
ANTAKALNIS,11%,2021-12-15 15:00:07
BANGINIS,11%,2021-12-15 15:00:07
EUROPA,9%,2021-12-15 15:00:07
FABIJONIŠKĖS,12%,2021-12-15 15:00:07
PERKŪNKIEMIS,10%,2021-12-15 15:00:07
PILAITĖ,8%,2021-12-15 15:00:07
SAVANORIAI,20%,2021-12-15 15:00:07
ŠILAINIAI,13%,2021-12-15 15:00:07
ŽALGIRIO ARENA,12%,2021-12-15 15:00:07
ANTAKALNIS,21%,2021-12-15 16:00:07
BANGINIS,15%,2021-12-15 16:00:07
EUROPA,16%,2021-12-15 16:00:07
FABIJONIŠKĖS,14%,2021-12-15 16:00:07
PERKŪNKIEMIS,14%,2021-12-15 16:00:07
PILAITĖ,11%,2021-12-15 16:00:07
SAVANORIAI,27%,2021-12-15 16:00:07
ŠILAINIAI,16%,2021-12-15 16:00:07
ŽALGIRIO ARENA,13%,2021-12-15 16:00:07
ANTAKALNIS,28%,2021-12-15 17:00:07
BANGINIS,19%,2021-12-15 17:00:07
EUROPA,22%,2021-12-15 17:00:07
FABIJONIŠKĖS,25%,2021-12-15 17:00:07
PERKŪNKIEMIS,15%,2021-12-15 17:00:07
PILAITĖ,14%,2021-12-15 17:00:07
SAVANORIAI,26%,2021-12-15 17:00:07
ŠILAINIAI,18%,2021-12-15 17:00:07
ŽALGIRIO ARENA,13%,2021-12-15 17:00:07
ANTAKALNIS,21%,2021-12-15 18:00:10
BANGINIS,25%,2021-12-15 18:00:10
EUROPA,24%,2021-12-15 18:00:10
FABIJONIŠKĖS,22%,2021-12-15 18:00:10
PERKŪNKIEMIS,19%,2021-12-15 18:00:10
PILAITĖ,16%,2021-12-15 18:00:10
SAVANORIAI,27%,2021-12-15 18:00:10
ŠILAINIAI,21%,2021-12-15 18:00:10
ŽALGIRIO ARENA,16%,2021-12-15 18:00:10
ANTAKALNIS,21%,2021-12-16 15:00:07
BANGINIS,9%,2021-12-16 15:00:07
EUROPA,8%,2021-12-16 15:00:07
FABIJONIŠKĖS,13%,2021-12-16 15:00:07
PERKŪNKIEMIS,6%,2021-12-16 15:00:07
PILAITĖ,6%,2021-12-16 15:00:07
SAVANORIAI,15%,2021-12-16 15:00:07
ŠILAINIAI,10%,2021-12-16 15:00:07
ŽALGIRIO ARENA,5%,2021-12-16 15:00:07
ANTAKALNIS,14%,2021-12-16 16:00:07
BANGINIS,15%,2021-12-16 16:00:07
EUROPA,9%,2021-12-16 16:00:07
FABIJONIŠKĖS,21%,2021-12-16 16:00:07
PERKŪNKIEMIS,9%,2021-12-16 16:00:07
PILAITĖ,11%,2021-12-16 16:00:07
SAVANORIAI,14%,2021-12-16 16:00:07
ŠILAINIAI,12%,2021-12-16 16:00:07
ŽALGIRIO ARENA,5%,2021-12-16 16:00:07
ANTAKALNIS,10%,2021-12-16 17:00:07
BANGINIS,22%,2021-12-16 17:00:07
EUROPA,12%,2021-12-16 17:00:07
FABIJONIŠKĖS,22%,2021-12-16 17:00:07
PERKŪNKIEMIS,13%,2021-12-16 17:00:07
PILAITĖ,12%,2021-12-16 17:00:07
SAVANORIAI,22%,2021-12-16 17:00:07
ŠILAINIAI,24%,2021-12-16 17:00:07
ŽALGIRIO ARENA,9%,2021-12-16 17:00:07
ANTAKALNIS,15%,2021-12-16 18:00:07
BANGINIS,30%,2021-12-16 18:00:07
EUROPA,21%,2021-12-16 18:00:07
FABIJONIŠKĖS,22%,2021-12-16 18:00:07
PERKŪNKIEMIS,20%,2021-12-16 18:00:07
PILAITĖ,15%,2021-12-16 18:00:07
SAVANORIAI,28%,2021-12-16 18:00:07
ŠILAINIAI,34%,2021-12-16 18:00:07
ŽALGIRIO ARENA,9%,2021-12-16 18:00:07
ANTAKALNIS,19%,2021-12-16 19:00:08
BANGINIS,34%,2021-12-16 19:00:08
EUROPA,21%,2021-12-16 19:00:08
FABIJONIŠKĖS,24%,2021-12-16 19:00:08
PERKŪNKIEMIS,25%,2021-12-16 19:00:08
PILAITĖ,18%,2021-12-16 19:00:08
SAVANORIAI,23%,2021-12-16 19:00:08
ŠILAINIAI,25%,2021-12-16 19:00:08
ŽALGIRIO ARENA,8%,2021-12-16 19:00:08
ANTAKALNIS,16%,2021-12-17 15:00:08
BANGINIS,12%,2021-12-17 15:00:08
EUROPA,11%,2021-12-17 15:00:08
FABIJONIŠKĖS,12%,2021-12-17 15:00:08
PERKŪNKIEMIS,12%,2021-12-17 15:00:08
PILAITĖ,6%,2021-12-17 15:00:08
SAVANORIAI,15%,2021-12-17 15:00:08
ŠILAINIAI,12%,2021-12-17 15:00:08
ŽALGIRIO ARENA,9%,2021-12-17 15:00:08
ANTAKALNIS,11%,2021-12-17 16:00:08
BANGINIS,16%,2021-12-17 16:00:08
EUROPA,17%,2021-12-17 16:00:08
FABIJONIŠKĖS,15%,2021-12-17 16:00:08
PERKŪNKIEMIS,9%,2021-12-17 16:00:08
PILAITĖ,11%,2021-12-17 16:00:08
SAVANORIAI,16%,2021-12-17 16:00:08
ŠILAINIAI,11%,2021-12-17 16:00:08
ŽALGIRIO ARENA,7%,2021-12-17 16:00:08
ANTAKALNIS,16%,2021-12-17 17:00:09
BANGINIS,21%,2021-12-17 17:00:09
EUROPA,21%,2021-12-17 17:00:09
FABIJONIŠKĖS,16%,2021-12-17 17:00:09
PERKŪNKIEMIS,14%,2021-12-17 17:00:09
PILAITĖ,15%,2021-12-17 17:00:09
SAVANORIAI,16%,2021-12-17 17:00:09
ŠILAINIAI,16%,2021-12-17 17:00:09
ŽALGIRIO ARENA,7%,2021-12-17 17:00:09
ANTAKALNIS,18%,2021-12-17 18:00:07
BANGINIS,25%,2021-12-17 18:00:07
EUROPA,21%,2021-12-17 18:00:07
FABIJONIŠKĖS,15%,2021-12-17 18:00:07
PERKŪNKIEMIS,17%,2021-12-17 18:00:07
PILAITĖ,16%,2021-12-17 18:00:07
SAVANORIAI,13%,2021-12-17 18:00:07
ŠILAINIAI,26%,2021-12-17 18:00:07
ŽALGIRIO ARENA,3%,2021-12-17 18:00:07
ANTAKALNIS,17%,2021-12-17 19:00:08
BANGINIS,19%,2021-12-17 19:00:08
EUROPA,14%,2021-12-17 19:00:08
FABIJONIŠKĖS,14%,2021-12-17 19:00:08
PERKŪNKIEMIS,10%,2021-12-17 19:00:08
PILAITĖ,13%,2021-12-17 19:00:08
SAVANORIAI,16%,2021-12-17 19:00:08
ŠILAINIAI,22%,2021-12-17 19:00:08
ŽALGIRIO ARENA,6%,2021-12-17 19:00:08
ANTAKALNIS,13%,2021-12-17 20:00:08
BANGINIS,15%,2021-12-17 20:00:08
EUROPA,12%,2021-12-17 20:00:08
FABIJONIŠKĖS,11%,2021-12-17 20:00:08
PERKŪNKIEMIS,9%,2021-12-17 20:00:08
PILAITĖ,12%,2021-12-17 20:00:08
SAVANORIAI,14%,2021-12-17 20:00:08
ŠILAINIAI,15%,2021-12-17 20:00:08
ŽALGIRIO ARENA,3%,2021-12-17 20:00:08
ANTAKALNIS,9%,2021-12-17 21:00:08
BANGINIS,12%,2021-12-17 21:00:08
EUROPA,9%,2021-12-17 21:00:08
FABIJONIŠKĖS,11%,2021-12-17 21:00:08
PERKŪNKIEMIS,6%,2021-12-17 21:00:08
PILAITĖ,7%,2021-12-17 21:00:08
SAVANORIAI,12%,2021-12-17 21:00:08
ŠILAINIAI,7%,2021-12-17 21:00:08
ŽALGIRIO ARENA,3%,2021-12-17 21:00:08
ANTAKALNIS,8%,2021-12-17 22:00:07
BANGINIS,9%,2021-12-17 22:00:07
EUROPA,6%,2021-12-17 22:00:07
FABIJONIŠKĖS,8%,2021-12-17 22:00:07
PERKŪNKIEMIS,3%,2021-12-17 22:00:07
PILAITĖ,2%,2021-12-17 22:00:07
SAVANORIAI,4%,2021-12-17 22:00:07
ŠILAINIAI,4%,2021-12-17 22:00:07
ŽALGIRIO ARENA,2%,2021-12-17 22:00:07
ANTAKALNIS,8%,2021-12-18 15:00:08
BANGINIS,12%,2021-12-18 15:00:08
EUROPA,13%,2021-12-18 15:00:08
FABIJONIŠKĖS,9%,2021-12-18 15:00:08
PERKŪNKIEMIS,9%,2021-12-18 15:00:08
PILAITĖ,6%,2021-12-18 15:00:08
SAVANORIAI,11%,2021-12-18 15:00:08
ŠILAINIAI,11%,2021-12-18 15:00:08
ŽALGIRIO ARENA,6%,2021-12-18 15:00:08
ANTAKALNIS,10%,2021-12-18 16:00:08
BANGINIS,7%,2021-12-18 16:00:08
EUROPA,10%,2021-12-18 16:00:08
FABIJONIŠKĖS,9%,2021-12-18 16:00:08
PERKŪNKIEMIS,11%,2021-12-18 16:00:08
PILAITĖ,9%,2021-12-18 16:00:08
SAVANORIAI,10%,2021-12-18 16:00:08
ŠILAINIAI,13%,2021-12-18 16:00:08
ŽALGIRIO ARENA,4%,2021-12-18 16:00:08
ANTAKALNIS,6%,2021-12-18 20:00:08
BANGINIS,6%,2021-12-18 20:00:08
EUROPA,4%,2021-12-18 20:00:08
FABIJONIŠKĖS,4%,2021-12-18 20:00:08
PERKŪNKIEMIS,0%,2021-12-18 20:00:08
PILAITĖ,0%,2021-12-18 20:00:08
SAVANORIAI,5%,2021-12-18 20:00:08
ŠILAINIAI,5%,2021-12-18 20:00:08
ŽALGIRIO ARENA,2%,2021-12-18 20:00:08
ANTAKALNIS,13%,2021-12-20 15:00:07
BANGINIS,9%,2021-12-20 15:00:07
EUROPA,13%,2021-12-20 15:00:07
FABIJONIŠKĖS,13%,2021-12-20 15:00:07
PERKŪNKIEMIS,8%,2021-12-20 15:00:07
PILAITĖ,8%,2021-12-20 15:00:07
SAVANORIAI,12%,2021-12-20 15:00:07
ŠILAINIAI,16%,2021-12-20 15:00:07
ŽALGIRIO ARENA,6%,2021-12-20 15:00:07
ANTAKALNIS,22%,2021-12-20 16:00:07
BANGINIS,18%,2021-12-20 16:00:07
EUROPA,14%,2021-12-20 16:00:07
FABIJONIŠKĖS,21%,2021-12-20 16:00:07
PERKŪNKIEMIS,15%,2021-12-20 16:00:07
PILAITĖ,13%,2021-12-20 16:00:07
SAVANORIAI,11%,2021-12-20 16:00:07
ŠILAINIAI,20%,2021-12-20 16:00:07
ŽALGIRIO ARENA,4%,2021-12-20 16:00:07
ANTAKALNIS,15%,2021-12-20 17:00:07
BANGINIS,22%,2021-12-20 17:00:07
EUROPA,21%,2021-12-20 17:00:07
FABIJONIŠKĖS,24%,2021-12-20 17:00:07
PERKŪNKIEMIS,15%,2021-12-20 17:00:07
PILAITĖ,14%,2021-12-20 17:00:07
SAVANORIAI,23%,2021-12-20 17:00:07
ŠILAINIAI,31%,2021-12-20 17:00:07
ŽALGIRIO ARENA,10%,2021-12-20 17:00:07
ANTAKALNIS,11%,2021-12-20 18:00:07
BANGINIS,27%,2021-12-20 18:00:07
EUROPA,27%,2021-12-20 18:00:07
FABIJONIŠKĖS,20%,2021-12-20 18:00:07
PERKŪNKIEMIS,22%,2021-12-20 18:00:07
PILAITĖ,17%,2021-12-20 18:00:07
SAVANORIAI,23%,2021-12-20 18:00:07
ŠILAINIAI,33%,2021-12-20 18:00:07
ŽALGIRIO ARENA,12%,2021-12-20 18:00:07
ANTAKALNIS,11%,2021-12-20 19:00:07
BANGINIS,29%,2021-12-20 19:00:07
EUROPA,27%,2021-12-20 19:00:07
FABIJONIŠKĖS,23%,2021-12-20 19:00:07
PERKŪNKIEMIS,26%,2021-12-20 19:00:07
PILAITĖ,17%,2021-12-20 19:00:07
SAVANORIAI,19%,2021-12-20 19:00:07
ŠILAINIAI,27%,2021-12-20 19:00:07
ŽALGIRIO ARENA,13%,2021-12-20 19:00:07
ANTAKALNIS,17%,2021-12-20 20:00:08
BANGINIS,32%,2021-12-20 20:00:08
EUROPA,21%,2021-12-20 20:00:08
FABIJONIŠKĖS,26%,2021-12-20 20:00:08
PERKŪNKIEMIS,22%,2021-12-20 20:00:08
PILAITĖ,18%,2021-12-20 20:00:08
SAVANORIAI,19%,2021-12-20 20:00:08
ŠILAINIAI,19%,2021-12-20 20:00:08
ŽALGIRIO ARENA,10%,2021-12-20 20:00:08
ANTAKALNIS,12%,2021-12-20 21:00:07
BANGINIS,22%,2021-12-20 21:00:07
EUROPA,12%,2021-12-20 21:00:07
FABIJONIŠKĖS,15%,2021-12-20 21:00:07
PERKŪNKIEMIS,20%,2021-12-20 21:00:07
PILAITĖ,12%,2021-12-20 21:00:07
SAVANORIAI,16%,2021-12-20 21:00:07
ŠILAINIAI,20%,2021-12-20 21:00:07
ŽALGIRIO ARENA,11%,2021-12-20 21:00:07
ANTAKALNIS,11%,2021-12-20 22:00:09
BANGINIS,14%,2021-12-20 22:00:09
EUROPA,5%,2021-12-20 22:00:09
FABIJONIŠKĖS,7%,2021-12-20 22:00:09
PERKŪNKIEMIS,7%,2021-12-20 22:00:09
PILAITĖ,6%,2021-12-20 22:00:09
SAVANORIAI,9%,2021-12-20 22:00:09
ŠILAINIAI,14%,2021-12-20 22:00:09
ŽALGIRIO ARENA,6%,2021-12-20 22:00:09
ANTAKALNIS,4%,2021-12-20 23:00:08
BANGINIS,7%,2021-12-20 23:00:08
EUROPA,2%,2021-12-20 23:00:08
FABIJONIŠKĖS,0%,2021-12-20 23:00:08
PERKŪNKIEMIS,0%,2021-12-20 23:00:08
PILAITĖ,0%,2021-12-20 23:00:08
SAVANORIAI,8%,2021-12-20 23:00:08
ŠILAINIAI,5%,2021-12-20 23:00:08
ŽALGIRIO ARENA,1%,2021-12-20 23:00:08
ANTAKALNIS,7%,2021-12-21 15:00:07
BANGINIS,16%,2021-12-21 15:00:07
EUROPA,7%,2021-12-21 15:00:07
FABIJONIŠKĖS,15%,2021-12-21 15:00:07
PERKŪNKIEMIS,8%,2021-12-21 15:00:07
PILAITĖ,9%,2021-12-21 15:00:07
SAVANORIAI,12%,2021-12-21 15:00:07
ŠILAINIAI,15%,2021-12-21 15:00:07
ŽALGIRIO ARENA,3%,2021-12-21 15:00:07
ANTAKALNIS,11%,2021-12-21 16:00:08
BANGINIS,14%,2021-12-21 16:00:08
EUROPA,13%,2021-12-21 16:00:08
FABIJONIŠKĖS,15%,2021-12-21 16:00:08
PERKŪNKIEMIS,10%,2021-12-21 16:00:08
PILAITĖ,11%,2021-12-21 16:00:08
SAVANORIAI,18%,2021-12-21 16:00:08
ŠILAINIAI,17%,2021-12-21 16:00:08
ŽALGIRIO ARENA,6%,2021-12-21 16:00:08
ANTAKALNIS,16%,2021-12-21 17:00:12
BANGINIS,16%,2021-12-21 17:00:12
EUROPA,14%,2021-12-21 17:00:12
FABIJONIŠKĖS,17%,2021-12-21 17:00:12
PERKŪNKIEMIS,6%,2021-12-21 17:00:12
PILAITĖ,11%,2021-12-21 17:00:12
SAVANORIAI,23%,2021-12-21 17:00:12
ŠILAINIAI,17%,2021-12-21 17:00:12
ŽALGIRIO ARENA,11%,2021-12-21 17:00:12
ANTAKALNIS,17%,2021-12-21 18:00:08
BANGINIS,26%,2021-12-21 18:00:08
EUROPA,16%,2021-12-21 18:00:08
FABIJONIŠKĖS,21%,2021-12-21 18:00:08
PERKŪNKIEMIS,23%,2021-12-21 18:00:08
PILAITĖ,13%,2021-12-21 18:00:08
SAVANORIAI,22%,2021-12-21 18:00:08
ŠILAINIAI,28%,2021-12-21 18:00:08
ŽALGIRIO ARENA,6%,2021-12-21 18:00:08
ANTAKALNIS,20%,2021-12-21 19:00:08
BANGINIS,29%,2021-12-21 19:00:08
EUROPA,20%,2021-12-21 19:00:08
FABIJONIŠKĖS,23%,2021-12-21 19:00:08
PERKŪNKIEMIS,28%,2021-12-21 19:00:08
PILAITĖ,15%,2021-12-21 19:00:08
SAVANORIAI,18%,2021-12-21 19:00:08
ŠILAINIAI,35%,2021-12-21 19:00:08
ŽALGIRIO ARENA,7%,2021-12-21 19:00:08
ANTAKALNIS,17%,2021-12-21 20:00:07
BANGINIS,19%,2021-12-21 20:00:07
EUROPA,21%,2021-12-21 20:00:07
FABIJONIŠKĖS,17%,2021-12-21 20:00:07
PERKŪNKIEMIS,22%,2021-12-21 20:00:07
PILAITĖ,16%,2021-12-21 20:00:07
SAVANORIAI,16%,2021-12-21 20:00:07
ŠILAINIAI,25%,2021-12-21 20:00:07
ŽALGIRIO ARENA,3%,2021-12-21 20:00:07
ANTAKALNIS,13%,2021-12-21 21:00:08
BANGINIS,15%,2021-12-21 21:00:08
EUROPA,13%,2021-12-21 21:00:08
FABIJONIŠKĖS,15%,2021-12-21 21:00:08
PERKŪNKIEMIS,13%,2021-12-21 21:00:08
PILAITĖ,10%,2021-12-21 21:00:08
SAVANORIAI,19%,2021-12-21 21:00:08
ŠILAINIAI,19%,2021-12-21 21:00:08
ŽALGIRIO ARENA,5%,2021-12-21 21:00:08
ANTAKALNIS,4%,2021-12-21 22:00:08
BANGINIS,8%,2021-12-21 22:00:08
EUROPA,5%,2021-12-21 22:00:08
FABIJONIŠKĖS,9%,2021-12-21 22:00:08
PERKŪNKIEMIS,6%,2021-12-21 22:00:08
PILAITĖ,7%,2021-12-21 22:00:08
SAVANORIAI,15%,2021-12-21 22:00:08
ŠILAINIAI,10%,2021-12-21 22:00:08
ŽALGIRIO ARENA,6%,2021-12-21 22:00:08
ANTAKALNIS,2%,2021-12-21 23:00:08
BANGINIS,4%,2021-12-21 23:00:08
EUROPA,3%,2021-12-21 23:00:08
FABIJONIŠKĖS,3%,2021-12-21 23:00:08
PERKŪNKIEMIS,2%,2021-12-21 23:00:08
PILAITĖ,0%,2021-12-21 23:00:08
SAVANORIAI,8%,2021-12-21 23:00:08
ŠILAINIAI,5%,2021-12-21 23:00:08
ŽALGIRIO ARENA,2%,2021-12-21 23:00:08
ANTAKALNIS,1%,2021-12-22 00:00:08
BANGINIS,3%,2021-12-22 00:00:08
EUROPA,0%,2021-12-22 00:00:08
FABIJONIŠKĖS,0%,2021-12-22 00:00:08
PERKŪNKIEMIS,0%,2021-12-22 00:00:08
PILAITĖ,0%,2021-12-22 00:00:08
SAVANORIAI,3%,2021-12-22 00:00:08
ŠILAINIAI,2%,2021-12-22 00:00:08
ŽALGIRIO ARENA,0%,2021-12-22 00:00:08
ANTAKALNIS,0%,2021-12-22 01:00:08
BANGINIS,2%,2021-12-22 01:00:08
EUROPA,0%,2021-12-22 01:00:08
FABIJONIŠKĖS,0%,2021-12-22 01:00:08
PERKŪNKIEMIS,0%,2021-12-22 01:00:08
PILAITĖ,0%,2021-12-22 01:00:08
SAVANORIAI,2%,2021-12-22 01:00:08
ŠILAINIAI,1%,2021-12-22 01:00:08
ŽALGIRIO ARENA,0%,2021-12-22 01:00:08
ANTAKALNIS,0%,2021-12-22 02:00:07
BANGINIS,1%,2021-12-22 02:00:07
EUROPA,0%,2021-12-22 02:00:07
FABIJONIŠKĖS,0%,2021-12-22 02:00:07
PERKŪNKIEMIS,0%,2021-12-22 02:00:07
PILAITĖ,0%,2021-12-22 02:00:07
SAVANORIAI,1%,2021-12-22 02:00:07
ŠILAINIAI,1%,2021-12-22 02:00:07
ŽALGIRIO ARENA,0%,2021-12-22 02:00:07
ANTAKALNIS,0%,2021-12-22 03:00:08
BANGINIS,0%,2021-12-22 03:00:08
EUROPA,0%,2021-12-22 03:00:08
FABIJONIŠKĖS,0%,2021-12-22 03:00:08
PERKŪNKIEMIS,0%,2021-12-22 03:00:08
PILAITĖ,0%,2021-12-22 03:00:08
SAVANORIAI,0%,2021-12-22 03:00:08
ŠILAINIAI,1%,2021-12-22 03:00:08
ŽALGIRIO ARENA,0%,2021-12-22 03:00:08
ANTAKALNIS,0%,2021-12-22 04:00:07
BANGINIS,0%,2021-12-22 04:00:07
EUROPA,0%,2021-12-22 04:00:07
FABIJONIŠKĖS,0%,2021-12-22 04:00:07
PERKŪNKIEMIS,0%,2021-12-22 04:00:07
PILAITĖ,0%,2021-12-22 04:00:07
SAVANORIAI,1%,2021-12-22 04:00:07
ŠILAINIAI,1%,2021-12-22 04:00:07
ŽALGIRIO ARENA,0%,2021-12-22 04:00:07
ANTAKALNIS,0%,2021-12-22 05:00:08
BANGINIS,1%,2021-12-22 05:00:08
EUROPA,0%,2021-12-22 05:00:08
FABIJONIŠKĖS,0%,2021-12-22 05:00:08
PERKŪNKIEMIS,0%,2021-12-22 05:00:08
PILAITĖ,0%,2021-12-22 05:00:08
SAVANORIAI,0%,2021-12-22 05:00:08
ŠILAINIAI,1%,2021-12-22 05:00:08
ŽALGIRIO ARENA,0%,2021-12-22 05:00:08
ANTAKALNIS,0%,2021-12-22 06:00:07
BANGINIS,3%,2021-12-22 06:00:07
EUROPA,1%,2021-12-22 06:00:07
FABIJONIŠKĖS,1%,2021-12-22 06:00:07
PERKŪNKIEMIS,0%,2021-12-22 06:00:07
PILAITĖ,2%,2021-12-22 06:00:07
SAVANORIAI,3%,2021-12-22 06:00:07
ŠILAINIAI,2%,2021-12-22 06:00:07
ŽALGIRIO ARENA,0%,2021-12-22 06:00:07
ANTAKALNIS,2%,2021-12-22 07:00:07
BANGINIS,7%,2021-12-22 07:00:07
EUROPA,6%,2021-12-22 07:00:07
FABIJONIŠKĖS,5%,2021-12-22 07:00:07
PERKŪNKIEMIS,4%,2021-12-22 07:00:07
PILAITĖ,6%,2021-12-22 07:00:07
SAVANORIAI,6%,2021-12-22 07:00:07
ŠILAINIAI,4%,2021-12-22 07:00:07
ŽALGIRIO ARENA,4%,2021-12-22 07:00:07
ANTAKALNIS,3%,2021-12-22 08:00:08
BANGINIS,11%,2021-12-22 08:00:08
EUROPA,6%,2021-12-22 08:00:08
FABIJONIŠKĖS,6%,2021-12-22 08:00:08
PERKŪNKIEMIS,6%,2021-12-22 08:00:08
PILAITĖ,3%,2021-12-22 08:00:08
SAVANORIAI,7%,2021-12-22 08:00:08
ŠILAINIAI,10%,2021-12-22 08:00:08
ŽALGIRIO ARENA,8%,2021-12-22 08:00:08
ANTAKALNIS,7%,2021-12-22 09:00:08
BANGINIS,11%,2021-12-22 09:00:08
EUROPA,12%,2021-12-22 09:00:08
FABIJONIŠKĖS,5%,2021-12-22 09:00:08
PERKŪNKIEMIS,6%,2021-12-22 09:00:08
PILAITĖ,8%,2021-12-22 09:00:08
SAVANORIAI,8%,2021-12-22 09:00:08
ŠILAINIAI,17%,2021-12-22 09:00:08
ŽALGIRIO ARENA,11%,2021-12-22 09:00:08
ANTAKALNIS,9%,2021-12-22 10:00:08
BANGINIS,8%,2021-12-22 10:00:08
EUROPA,8%,2021-12-22 10:00:08
FABIJONIŠKĖS,6%,2021-12-22 10:00:08
PERKŪNKIEMIS,5%,2021-12-22 10:00:08
PILAITĖ,3%,2021-12-22 10:00:08
SAVANORIAI,9%,2021-12-22 10:00:08
ŠILAINIAI,17%,2021-12-22 10:00:08
ŽALGIRIO ARENA,10%,2021-12-22 10:00:08
ANTAKALNIS,11%,2021-12-22 11:00:08
BANGINIS,6%,2021-12-22 11:00:08
EUROPA,10%,2021-12-22 11:00:08
FABIJONIŠKĖS,7%,2021-12-22 11:00:08
PERKŪNKIEMIS,8%,2021-12-22 11:00:08
PILAITĖ,5%,2021-12-22 11:00:08
SAVANORIAI,11%,2021-12-22 11:00:08
ŠILAINIAI,13%,2021-12-22 11:00:08
ŽALGIRIO ARENA,7%,2021-12-22 11:00:08
ANTAKALNIS,11%,2021-12-22 12:00:08
BANGINIS,11%,2021-12-22 12:00:08
EUROPA,14%,2021-12-22 12:00:08
FABIJONIŠKĖS,9%,2021-12-22 12:00:08
PERKŪNKIEMIS,9%,2021-12-22 12:00:08
PILAITĖ,6%,2021-12-22 12:00:08
SAVANORIAI,10%,2021-12-22 12:00:08
ŠILAINIAI,13%,2021-12-22 12:00:08
ŽALGIRIO ARENA,2%,2021-12-22 12:00:08
ANTAKALNIS,5%,2021-12-22 13:00:09
BANGINIS,10%,2021-12-22 13:00:09
EUROPA,13%,2021-12-22 13:00:09
FABIJONIŠKĖS,10%,2021-12-22 13:00:09
PERKŪNKIEMIS,7%,2021-12-22 13:00:09
PILAITĖ,7%,2021-12-22 13:00:09
SAVANORIAI,13%,2021-12-22 13:00:09
ŠILAINIAI,12%,2021-12-22 13:00:09
ŽALGIRIO ARENA,1%,2021-12-22 13:00:09
ANTAKALNIS,5%,2021-12-22 14:00:08
BANGINIS,8%,2021-12-22 14:00:08
EUROPA,12%,2021-12-22 14:00:08
FABIJONIŠKĖS,10%,2021-12-22 14:00:08
PERKŪNKIEMIS,6%,2021-12-22 14:00:08
PILAITĖ,7%,2021-12-22 14:00:08
SAVANORIAI,14%,2021-12-22 14:00:08
ŠILAINIAI,12%,2021-12-22 14:00:08
ŽALGIRIO ARENA,4%,2021-12-22 14:00:08
ANTAKALNIS,7%,2021-12-22 15:00:07
BANGINIS,13%,2021-12-22 15:00:07
EUROPA,11%,2021-12-22 15:00:07
FABIJONIŠKĖS,9%,2021-12-22 15:00:07
PERKŪNKIEMIS,10%,2021-12-22 15:00:07
PILAITĖ,5%,2021-12-22 15:00:07
SAVANORIAI,11%,2021-12-22 15:00:07
ŠILAINIAI,18%,2021-12-22 15:00:07
ŽALGIRIO ARENA,2%,2021-12-22 15:00:07
ANTAKALNIS,14%,2021-12-22 16:00:08
BANGINIS,14%,2021-12-22 16:00:08
EUROPA,11%,2021-12-22 16:00:08
FABIJONIŠKĖS,9%,2021-12-22 16:00:08
PERKŪNKIEMIS,13%,2021-12-22 16:00:08
PILAITĖ,6%,2021-12-22 16:00:08
SAVANORIAI,14%,2021-12-22 16:00:08
ŠILAINIAI,22%,2021-12-22 16:00:08
ŽALGIRIO ARENA,1%,2021-12-22 16:00:08
ANTAKALNIS,14%,2021-12-22 17:00:08
BANGINIS,14%,2021-12-22 17:00:08
EUROPA,18%,2021-12-22 17:00:08
FABIJONIŠKĖS,15%,2021-12-22 17:00:08
PERKŪNKIEMIS,8%,2021-12-22 17:00:08
PILAITĖ,9%,2021-12-22 17:00:08
SAVANORIAI,15%,2021-12-22 17:00:08
ŠILAINIAI,23%,2021-12-22 17:00:08
ŽALGIRIO ARENA,2%,2021-12-22 17:00:08
ANTAKALNIS,14%,2021-12-22 18:00:08
BANGINIS,21%,2021-12-22 18:00:08
EUROPA,25%,2021-12-22 18:00:08
FABIJONIŠKĖS,19%,2021-12-22 18:00:08
PERKŪNKIEMIS,14%,2021-12-22 18:00:08
PILAITĖ,11%,2021-12-22 18:00:08
SAVANORIAI,12%,2021-12-22 18:00:08
ŠILAINIAI,18%,2021-12-22 18:00:08
ŽALGIRIO ARENA,4%,2021-12-22 18:00:08
ANTAKALNIS,16%,2021-12-22 19:00:08
BANGINIS,26%,2021-12-22 19:00:08
EUROPA,24%,2021-12-22 19:00:08
FABIJONIŠKĖS,23%,2021-12-22 19:00:08
PERKŪNKIEMIS,17%,2021-12-22 19:00:08
PILAITĖ,14%,2021-12-22 19:00:08
SAVANORIAI,13%,2021-12-22 19:00:08
ŠILAINIAI,18%,2021-12-22 19:00:08
ŽALGIRIO ARENA,1%,2021-12-22 19:00:08
ANTAKALNIS,17%,2021-12-22 20:00:08
BANGINIS,14%,2021-12-22 20:00:08
EUROPA,16%,2021-12-22 20:00:08
FABIJONIŠKĖS,19%,2021-12-22 20:00:08
PERKŪNKIEMIS,20%,2021-12-22 20:00:08
PILAITĖ,11%,2021-12-22 20:00:08
SAVANORIAI,17%,2021-12-22 20:00:08
ŠILAINIAI,22%,2021-12-22 20:00:08
ŽALGIRIO ARENA,2%,2021-12-22 20:00:08
ANTAKALNIS,15%,2021-12-22 21:00:09
BANGINIS,9%,2021-12-22 21:00:09
EUROPA,12%,2021-12-22 21:00:09
FABIJONIŠKĖS,13%,2021-12-22 21:00:09
PERKŪNKIEMIS,13%,2021-12-22 21:00:09
PILAITĖ,8%,2021-12-22 21:00:09
SAVANORIAI,14%,2021-12-22 21:00:09
ŠILAINIAI,19%,2021-12-22 21:00:09
ŽALGIRIO ARENA,4%,2021-12-22 21:00:09
ANTAKALNIS,7%,2021-12-22 22:00:08
BANGINIS,6%,2021-12-22 22:00:08
EUROPA,6%,2021-12-22 22:00:08
FABIJONIŠKĖS,5%,2021-12-22 22:00:08
PERKŪNKIEMIS,6%,2021-12-22 22:00:08
PILAITĖ,2%,2021-12-22 22:00:08
SAVANORIAI,9%,2021-12-22 22:00:08
ŠILAINIAI,10%,2021-12-22 22:00:08
ŽALGIRIO ARENA,2%,2021-12-22 22:00:08
ANTAKALNIS,0%,2021-12-22 23:00:08
BANGINIS,6%,2021-12-22 23:00:08
EUROPA,2%,2021-12-22 23:00:08
FABIJONIŠKĖS,0%,2021-12-22 23:00:08
PERKŪNKIEMIS,0%,2021-12-22 23:00:08
PILAITĖ,0%,2021-12-22 23:00:08
SAVANORIAI,6%,2021-12-22 23:00:08
ŠILAINIAI,7%,2021-12-22 23:00:08
ŽALGIRIO ARENA,1%,2021-12-22 23:00:08
ANTAKALNIS,0%,2021-12-23 00:00:08
BANGINIS,3%,2021-12-23 00:00:08
EUROPA,0%,2021-12-23 00:00:08
FABIJONIŠKĖS,0%,2021-12-23 00:00:08
PERKŪNKIEMIS,0%,2021-12-23 00:00:08
PILAITĖ,0%,2021-12-23 00:00:08
SAVANORIAI,4%,2021-12-23 00:00:08
ŠILAINIAI,2%,2021-12-23 00:00:08
ŽALGIRIO ARENA,0%,2021-12-23 00:00:08
ANTAKALNIS,0%,2021-12-23 01:00:08
BANGINIS,1%,2021-12-23 01:00:08
EUROPA,0%,2021-12-23 01:00:08
FABIJONIŠKĖS,0%,2021-12-23 01:00:08
PERKŪNKIEMIS,0%,2021-12-23 01:00:08
PILAITĖ,0%,2021-12-23 01:00:08
SAVANORIAI,1%,2021-12-23 01:00:08
ŠILAINIAI,1%,2021-12-23 01:00:08
ŽALGIRIO ARENA,0%,2021-12-23 01:00:08
ANTAKALNIS,0%,2021-12-23 02:00:08
BANGINIS,0%,2021-12-23 02:00:08
EUROPA,0%,2021-12-23 02:00:08
FABIJONIŠKĖS,0%,2021-12-23 02:00:08
PERKŪNKIEMIS,0%,2021-12-23 02:00:08
PILAITĖ,0%,2021-12-23 02:00:08
SAVANORIAI,1%,2021-12-23 02:00:08
ŠILAINIAI,1%,2021-12-23 02:00:08
ŽALGIRIO ARENA,0%,2021-12-23 02:00:08
ANTAKALNIS,0%,2021-12-23 03:00:08
BANGINIS,0%,2021-12-23 03:00:08
EUROPA,0%,2021-12-23 03:00:08
FABIJONIŠKĖS,0%,2021-12-23 03:00:08
PERKŪNKIEMIS,0%,2021-12-23 03:00:08
PILAITĖ,0%,2021-12-23 03:00:08
SAVANORIAI,1%,2021-12-23 03:00:08
ŠILAINIAI,1%,2021-12-23 03:00:08
ŽALGIRIO ARENA,0%,2021-12-23 03:00:08
ANTAKALNIS,0%,2021-12-23 04:00:07
BANGINIS,0%,2021-12-23 04:00:07
EUROPA,0%,2021-12-23 04:00:07
FABIJONIŠKĖS,0%,2021-12-23 04:00:07
PERKŪNKIEMIS,0%,2021-12-23 04:00:07
PILAITĖ,0%,2021-12-23 04:00:07
SAVANORIAI,0%,2021-12-23 04:00:07
ŠILAINIAI,1%,2021-12-23 04:00:07
ŽALGIRIO ARENA,0%,2021-12-23 04:00:07
ANTAKALNIS,0%,2021-12-23 05:00:08
BANGINIS,0%,2021-12-23 05:00:08
EUROPA,0%,2021-12-23 05:00:08
FABIJONIŠKĖS,0%,2021-12-23 05:00:08
PERKŪNKIEMIS,0%,2021-12-23 05:00:08
PILAITĖ,0%,2021-12-23 05:00:08
SAVANORIAI,0%,2021-12-23 05:00:08
ŠILAINIAI,1%,2021-12-23 05:00:08
ŽALGIRIO ARENA,0%,2021-12-23 05:00:08
ANTAKALNIS,0%,2021-12-23 06:00:08
BANGINIS,2%,2021-12-23 06:00:08
EUROPA,0%,2021-12-23 06:00:08
FABIJONIŠKĖS,1%,2021-12-23 06:00:08
PERKŪNKIEMIS,1%,2021-12-23 06:00:08
PILAITĖ,2%,2021-12-23 06:00:08
SAVANORIAI,1%,2021-12-23 06:00:08
ŠILAINIAI,3%,2021-12-23 06:00:08
ŽALGIRIO ARENA,0%,2021-12-23 06:00:08
ANTAKALNIS,1%,2021-12-23 07:00:07
BANGINIS,5%,2021-12-23 07:00:07
EUROPA,5%,2021-12-23 07:00:07
FABIJONIŠKĖS,4%,2021-12-23 07:00:07
PERKŪNKIEMIS,2%,2021-12-23 07:00:07
PILAITĖ,4%,2021-12-23 07:00:07
SAVANORIAI,3%,2021-12-23 07:00:07
ŠILAINIAI,4%,2021-12-23 07:00:07
ŽALGIRIO ARENA,4%,2021-12-23 07:00:07
ANTAKALNIS,6%,2021-12-23 08:00:08
BANGINIS,7%,2021-12-23 08:00:08
EUROPA,9%,2021-12-23 08:00:08
FABIJONIŠKĖS,6%,2021-12-23 08:00:08
PERKŪNKIEMIS,2%,2021-12-23 08:00:08
PILAITĖ,4%,2021-12-23 08:00:08
SAVANORIAI,3%,2021-12-23 08:00:08
ŠILAINIAI,4%,2021-12-23 08:00:08
ŽALGIRIO ARENA,7%,2021-12-23 08:00:08
ANTAKALNIS,7%,2021-12-23 09:00:08
BANGINIS,10%,2021-12-23 09:00:08
EUROPA,11%,2021-12-23 09:00:08
FABIJONIŠKĖS,6%,2021-12-23 09:00:08
PERKŪNKIEMIS,4%,2021-12-23 09:00:08
PILAITĖ,5%,2021-12-23 09:00:08
SAVANORIAI,4%,2021-12-23 09:00:08
ŠILAINIAI,12%,2021-12-23 09:00:08
ŽALGIRIO ARENA,8%,2021-12-23 09:00:08
ANTAKALNIS,5%,2021-12-23 10:00:08
BANGINIS,8%,2021-12-23 10:00:08
EUROPA,12%,2021-12-23 10:00:08
FABIJONIŠKĖS,4%,2021-12-23 10:00:08
PERKŪNKIEMIS,8%,2021-12-23 10:00:08
PILAITĖ,6%,2021-12-23 10:00:08
SAVANORIAI,9%,2021-12-23 10:00:08
ŠILAINIAI,15%,2021-12-23 10:00:08
ŽALGIRIO ARENA,5%,2021-12-23 10:00:08
ANTAKALNIS,8%,2021-12-23 11:00:08
BANGINIS,7%,2021-12-23 11:00:08
EUROPA,7%,2021-12-23 11:00:08
FABIJONIŠKĖS,6%,2021-12-23 11:00:08
PERKŪNKIEMIS,10%,2021-12-23 11:00:08
PILAITĖ,5%,2021-12-23 11:00:08
SAVANORIAI,10%,2021-12-23 11:00:08
ŠILAINIAI,15%,2021-12-23 11:00:08
ŽALGIRIO ARENA,4%,2021-12-23 11:00:08
ANTAKALNIS,13%,2021-12-23 12:00:08
BANGINIS,10%,2021-12-23 12:00:08
EUROPA,12%,2021-12-23 12:00:08
FABIJONIŠKĖS,9%,2021-12-23 12:00:08
PERKŪNKIEMIS,8%,2021-12-23 12:00:08
PILAITĖ,5%,2021-12-23 12:00:08
SAVANORIAI,12%,2021-12-23 12:00:08
ŠILAINIAI,19%,2021-12-23 12:00:08
ŽALGIRIO ARENA,6%,2021-12-23 12:00:08
ANTAKALNIS,10%,2021-12-23 13:00:08
BANGINIS,16%,2021-12-23 13:00:08
EUROPA,12%,2021-12-23 13:00:08
FABIJONIŠKĖS,14%,2021-12-23 13:00:08
PERKŪNKIEMIS,8%,2021-12-23 13:00:08
PILAITĖ,7%,2021-12-23 13:00:08
SAVANORIAI,12%,2021-12-23 13:00:08
ŠILAINIAI,20%,2021-12-23 13:00:08
ŽALGIRIO ARENA,6%,2021-12-23 13:00:08
ANTAKALNIS,8%,2021-12-23 14:00:08
BANGINIS,11%,2021-12-23 14:00:08
EUROPA,6%,2021-12-23 14:00:08
FABIJONIŠKĖS,11%,2021-12-23 14:00:08
PERKŪNKIEMIS,4%,2021-12-23 14:00:08
PILAITĖ,5%,2021-12-23 14:00:08
SAVANORIAI,12%,2021-12-23 14:00:08
ŠILAINIAI,15%,2021-12-23 14:00:08
ŽALGIRIO ARENA,5%,2021-12-23 14:00:08
ANTAKALNIS,8%,2021-12-23 15:00:08
BANGINIS,10%,2021-12-23 15:00:08
EUROPA,10%,2021-12-23 15:00:08
FABIJONIŠKĖS,9%,2021-12-23 15:00:08
PERKŪNKIEMIS,6%,2021-12-23 15:00:08
PILAITĖ,7%,2021-12-23 15:00:08
SAVANORIAI,13%,2021-12-23 15:00:08
ŠILAINIAI,18%,2021-12-23 15:00:08
ŽALGIRIO ARENA,2%,2021-12-23 15:00:08
ANTAKALNIS,10%,2021-12-23 16:00:08
BANGINIS,10%,2021-12-23 16:00:08
EUROPA,14%,2021-12-23 16:00:08
FABIJONIŠKĖS,12%,2021-12-23 16:00:08
PERKŪNKIEMIS,10%,2021-12-23 16:00:08
PILAITĖ,12%,2021-12-23 16:00:08
SAVANORIAI,14%,2021-12-23 16:00:08
ŠILAINIAI,22%,2021-12-23 16:00:08
ŽALGIRIO ARENA,2%,2021-12-23 16:00:08
ANTAKALNIS,10%,2021-12-23 17:00:08
BANGINIS,12%,2021-12-23 17:00:08
EUROPA,13%,2021-12-23 17:00:08
FABIJONIŠKĖS,10%,2021-12-23 17:00:08
PERKŪNKIEMIS,12%,2021-12-23 17:00:08
PILAITĖ,12%,2021-12-23 17:00:08
SAVANORIAI,12%,2021-12-23 17:00:08
ŠILAINIAI,20%,2021-12-23 17:00:08
ŽALGIRIO ARENA,3%,2021-12-23 17:00:08
ANTAKALNIS,9%,2021-12-23 18:00:08
BANGINIS,16%,2021-12-23 18:00:08
EUROPA,12%,2021-12-23 18:00:08
FABIJONIŠKĖS,13%,2021-12-23 18:00:08
PERKŪNKIEMIS,11%,2021-12-23 18:00:08
PILAITĖ,11%,2021-12-23 18:00:08
SAVANORIAI,12%,2021-12-23 18:00:08
ŠILAINIAI,19%,2021-12-23 18:00:08
ŽALGIRIO ARENA,4%,2021-12-23 18:00:08
ANTAKALNIS,9%,2021-12-24 15:00:07
BANGINIS,8%,2021-12-24 15:00:07
EUROPA,9%,2021-12-24 15:00:07
FABIJONIŠKĖS,6%,2021-12-24 15:00:07
PERKŪNKIEMIS,4%,2021-12-24 15:00:07
PILAITĖ,8%,2021-12-24 15:00:07
SAVANORIAI,8%,2021-12-24 15:00:07
ŠILAINIAI,9%,2021-12-24 15:00:07
ŽALGIRIO ARENA,0%,2021-12-24 15:00:07
ANTAKALNIS,5%,2021-12-24 16:00:07
BANGINIS,5%,2021-12-24 16:00:07
EUROPA,6%,2021-12-24 16:00:07
FABIJONIŠKĖS,4%,2021-12-24 16:00:07
PERKŪNKIEMIS,4%,2021-12-24 16:00:07
PILAITĖ,6%,2021-12-24 16:00:07
SAVANORIAI,4%,2021-12-24 16:00:07
ŠILAINIAI,5%,2021-12-24 16:00:07
ŽALGIRIO ARENA,0%,2021-12-24 16:00:07
ANTAKALNIS,4%,2021-12-24 17:00:07
BANGINIS,5%,2021-12-24 17:00:07
EUROPA,2%,2021-12-24 17:00:07
FABIJONIŠKĖS,4%,2021-12-24 17:00:07
PERKŪNKIEMIS,2%,2021-12-24 17:00:07
PILAITĖ,4%,2021-12-24 17:00:07
SAVANORIAI,2%,2021-12-24 17:00:07
ŠILAINIAI,4%,2021-12-24 17:00:07
ŽALGIRIO ARENA,0%,2021-12-24 17:00:07
ANTAKALNIS,3%,2021-12-24 18:00:07
BANGINIS,3%,2021-12-24 18:00:07
EUROPA,0%,2021-12-24 18:00:07
FABIJONIŠKĖS,2%,2021-12-24 18:00:07
PERKŪNKIEMIS,2%,2021-12-24 18:00:07
PILAITĖ,2%,2021-12-24 18:00:07
SAVANORIAI,2%,2021-12-24 18:00:07
ŠILAINIAI,2%,2021-12-24 18:00:07
ŽALGIRIO ARENA,0%,2021-12-24 18:00:07
ANTAKALNIS,1%,2021-12-24 19:00:07
BANGINIS,1%,2021-12-24 19:00:07
EUROPA,0%,2021-12-24 19:00:07
FABIJONIŠKĖS,2%,2021-12-24 19:00:07
PERKŪNKIEMIS,0%,2021-12-24 19:00:07
PILAITĖ,1%,2021-12-24 19:00:07
SAVANORIAI,2%,2021-12-24 19:00:07
ŠILAINIAI,2%,2021-12-24 19:00:07
ŽALGIRIO ARENA,0%,2021-12-24 19:00:07
ANTAKALNIS,1%,2021-12-24 20:00:07
BANGINIS,0%,2021-12-24 20:00:07
EUROPA,0%,2021-12-24 20:00:07
FABIJONIŠKĖS,0%,2021-12-24 20:00:07
PERKŪNKIEMIS,1%,2021-12-24 20:00:07
PILAITĖ,0%,2021-12-24 20:00:07
SAVANORIAI,1%,2021-12-24 20:00:07
ŠILAINIAI,2%,2021-12-24 20:00:07
ŽALGIRIO ARENA,0%,2021-12-24 20:00:07
ANTAKALNIS,1%,2021-12-24 21:00:06
BANGINIS,1%,2021-12-24 21:00:06
EUROPA,0%,2021-12-24 21:00:06
FABIJONIŠKĖS,0%,2021-12-24 21:00:06
PERKŪNKIEMIS,1%,2021-12-24 21:00:06
PILAITĖ,0%,2021-12-24 21:00:06
SAVANORIAI,1%,2021-12-24 21:00:06
ŠILAINIAI,2%,2021-12-24 21:00:06
ŽALGIRIO ARENA,0%,2021-12-24 21:00:06
ANTAKALNIS,1%,2021-12-24 22:00:07
BANGINIS,2%,2021-12-24 22:00:07
EUROPA,0%,2021-12-24 22:00:07
FABIJONIŠKĖS,0%,2021-12-24 22:00:07
PERKŪNKIEMIS,0%,2021-12-24 22:00:07
PILAITĖ,0%,2021-12-24 22:00:07
SAVANORIAI,1%,2021-12-24 22:00:07
ŠILAINIAI,2%,2021-12-24 22:00:07
ŽALGIRIO ARENA,0%,2021-12-24 22:00:07
ANTAKALNIS,1%,2021-12-24 23:00:07
BANGINIS,2%,2021-12-24 23:00:07
EUROPA,0%,2021-12-24 23:00:07
FABIJONIŠKĖS,1%,2021-12-24 23:00:07
PERKŪNKIEMIS,0%,2021-12-24 23:00:07
PILAITĖ,2%,2021-12-24 23:00:07
SAVANORIAI,1%,2021-12-24 23:00:07
ŠILAINIAI,2%,2021-12-24 23:00:07
ŽALGIRIO ARENA,0%,2021-12-24 23:00:07
ANTAKALNIS,1%,2021-12-25 00:00:07
BANGINIS,1%,2021-12-25 00:00:07
EUROPA,0%,2021-12-25 00:00:07
FABIJONIŠKĖS,1%,2021-12-25 00:00:07
PERKŪNKIEMIS,0%,2021-12-25 00:00:07
PILAITĖ,1%,2021-12-25 00:00:07
SAVANORIAI,1%,2021-12-25 00:00:07
ŠILAINIAI,1%,2021-12-25 00:00:07
ŽALGIRIO ARENA,0%,2021-12-25 00:00:07
ANTAKALNIS,2%,2021-12-25 15:00:07
BANGINIS,3%,2021-12-25 15:00:07
EUROPA,0%,2021-12-25 15:00:07
FABIJONIŠKĖS,3%,2021-12-25 15:00:07
PERKŪNKIEMIS,2%,2021-12-25 15:00:07
PILAITĖ,3%,2021-12-25 15:00:07
SAVANORIAI,1%,2021-12-25 15:00:07
ŠILAINIAI,3%,2021-12-25 15:00:07
ŽALGIRIO ARENA,0%,2021-12-25 15:00:07
ANTAKALNIS,3%,2021-12-25 16:00:07
BANGINIS,3%,2021-12-25 16:00:07
EUROPA,0%,2021-12-25 16:00:07
FABIJONIŠKĖS,3%,2021-12-25 16:00:07
PERKŪNKIEMIS,2%,2021-12-25 16:00:07
PILAITĖ,2%,2021-12-25 16:00:07
SAVANORIAI,1%,2021-12-25 16:00:07
ŠILAINIAI,5%,2021-12-25 16:00:07
ŽALGIRIO ARENA,0%,2021-12-25 16:00:07
ANTAKALNIS,1%,2021-12-25 17:00:07
BANGINIS,4%,2021-12-25 17:00:07
EUROPA,0%,2021-12-25 17:00:07
FABIJONIŠKĖS,3%,2021-12-25 17:00:07
PERKŪNKIEMIS,2%,2021-12-25 17:00:07
PILAITĖ,2%,2021-12-25 17:00:07
SAVANORIAI,4%,2021-12-25 17:00:07
ŠILAINIAI,3%,2021-12-25 17:00:07
ŽALGIRIO ARENA,0%,2021-12-25 17:00:07
ANTAKALNIS,1%,2021-12-25 18:00:07
BANGINIS,4%,2021-12-25 18:00:07
EUROPA,0%,2021-12-25 18:00:07
FABIJONIŠKĖS,1%,2021-12-25 18:00:07
PERKŪNKIEMIS,1%,2021-12-25 18:00:07
PILAITĖ,2%,2021-12-25 18:00:07
SAVANORIAI,3%,2021-12-25 18:00:07
ŠILAINIAI,3%,2021-12-25 18:00:07
ŽALGIRIO ARENA,0%,2021-12-25 18:00:07
ANTAKALNIS,2%,2021-12-25 19:00:07
BANGINIS,3%,2021-12-25 19:00:07
EUROPA,0%,2021-12-25 19:00:07
FABIJONIŠKĖS,2%,2021-12-25 19:00:07
PERKŪNKIEMIS,1%,2021-12-25 19:00:07
PILAITĖ,3%,2021-12-25 19:00:07
SAVANORIAI,1%,2021-12-25 19:00:07
ŠILAINIAI,3%,2021-12-25 19:00:07
ŽALGIRIO ARENA,0%,2021-12-25 19:00:07
ANTAKALNIS,8%,2021-12-29 15:00:08
BANGINIS,12%,2021-12-29 15:00:08
EUROPA,4%,2021-12-29 15:00:08
FABIJONIŠKĖS,13%,2021-12-29 15:00:08
PERKŪNKIEMIS,10%,2021-12-29 15:00:08
PILAITĖ,9%,2021-12-29 15:00:08
SAVANORIAI,11%,2021-12-29 15:00:08
ŠILAINIAI,12%,2021-12-29 15:00:08
ŽALGIRIO ARENA,10%,2021-12-29 15:00:08
ANTAKALNIS,11%,2021-12-29 16:00:07
BANGINIS,10%,2021-12-29 16:00:07
EUROPA,10%,2021-12-29 16:00:07
FABIJONIŠKĖS,11%,2021-12-29 16:00:07
PERKŪNKIEMIS,10%,2021-12-29 16:00:07
PILAITĖ,11%,2021-12-29 16:00:07
SAVANORIAI,12%,2021-12-29 16:00:07
ŠILAINIAI,16%,2021-12-29 16:00:07
ŽALGIRIO ARENA,13%,2021-12-29 16:00:07
ANTAKALNIS,8%,2021-12-29 17:00:07
BANGINIS,10%,2021-12-29 17:00:07
EUROPA,17%,2021-12-29 17:00:07
FABIJONIŠKĖS,14%,2021-12-29 17:00:07
PERKŪNKIEMIS,10%,2021-12-29 17:00:07
PILAITĖ,12%,2021-12-29 17:00:07
SAVANORIAI,13%,2021-12-29 17:00:07
ŠILAINIAI,14%,2021-12-29 17:00:07
ŽALGIRIO ARENA,13%,2021-12-29 17:00:07
ANTAKALNIS,8%,2021-12-29 18:00:07
BANGINIS,17%,2021-12-29 18:00:07
EUROPA,25%,2021-12-29 18:00:07
FABIJONIŠKĖS,19%,2021-12-29 18:00:07
PERKŪNKIEMIS,14%,2021-12-29 18:00:07
PILAITĖ,12%,2021-12-29 18:00:07
SAVANORIAI,17%,2021-12-29 18:00:07
ŠILAINIAI,22%,2021-12-29 18:00:07
ŽALGIRIO ARENA,17%,2021-12-29 18:00:07
ANTAKALNIS,9%,2021-12-29 19:00:08
BANGINIS,24%,2021-12-29 19:00:08
EUROPA,21%,2021-12-29 19:00:08
FABIJONIŠKĖS,16%,2021-12-29 19:00:08
PERKŪNKIEMIS,17%,2021-12-29 19:00:08
PILAITĖ,13%,2021-12-29 19:00:08
SAVANORIAI,11%,2021-12-29 19:00:08
ŠILAINIAI,20%,2021-12-29 19:00:08
ŽALGIRIO ARENA,19%,2021-12-29 19:00:08
ANTAKALNIS,10%,2021-12-29 20:00:08
BANGINIS,21%,2021-12-29 20:00:08
EUROPA,13%,2021-12-29 20:00:08
FABIJONIŠKĖS,13%,2021-12-29 20:00:08
PERKŪNKIEMIS,14%,2021-12-29 20:00:08
PILAITĖ,8%,2021-12-29 20:00:08
SAVANORIAI,10%,2021-12-29 20:00:08
ŠILAINIAI,15%,2021-12-29 20:00:08
ŽALGIRIO ARENA,14%,2021-12-29 20:00:08
ANTAKALNIS,10%,2021-12-29 21:00:08
BANGINIS,15%,2021-12-29 21:00:08
EUROPA,5%,2021-12-29 21:00:08
FABIJONIŠKĖS,12%,2021-12-29 21:00:08
PERKŪNKIEMIS,9%,2021-12-29 21:00:08
PILAITĖ,6%,2021-12-29 21:00:08
SAVANORIAI,8%,2021-12-29 21:00:08
ŠILAINIAI,14%,2021-12-29 21:00:08
ŽALGIRIO ARENA,9%,2021-12-29 21:00:08
ANTAKALNIS,4%,2021-12-29 22:00:08
BANGINIS,10%,2021-12-29 22:00:08
EUROPA,4%,2021-12-29 22:00:08
FABIJONIŠKĖS,7%,2021-12-29 22:00:08
PERKŪNKIEMIS,4%,2021-12-29 22:00:08
PILAITĖ,5%,2021-12-29 22:00:08
SAVANORIAI,6%,2021-12-29 22:00:08
ŠILAINIAI,9%,2021-12-29 22:00:08
ŽALGIRIO ARENA,3%,2021-12-29 22:00:08
ANTAKALNIS,7%,2021-12-30 10:00:08
BANGINIS,9%,2021-12-30 10:00:08
EUROPA,6%,2021-12-30 10:00:08
FABIJONIŠKĖS,12%,2021-12-30 10:00:08
PERKŪNKIEMIS,4%,2021-12-30 10:00:08
PILAITĖ,4%,2021-12-30 10:00:08
SAVANORIAI,6%,2021-12-30 10:00:08
ŠILAINIAI,14%,2021-12-30 10:00:08
ŽALGIRIO ARENA,9%,2021-12-30 10:00:08
ANTAKALNIS,7%,2021-12-30 11:00:08
BANGINIS,9%,2021-12-30 11:00:08
EUROPA,7%,2021-12-30 11:00:08
FABIJONIŠKĖS,18%,2021-12-30 11:00:08
PERKŪNKIEMIS,9%,2021-12-30 11:00:08
PILAITĖ,6%,2021-12-30 11:00:08
SAVANORIAI,9%,2021-12-30 11:00:08
ŠILAINIAI,12%,2021-12-30 11:00:08
ŽALGIRIO ARENA,11%,2021-12-30 11:00:08
ANTAKALNIS,13%,2021-12-30 12:00:07
BANGINIS,9%,2021-12-30 12:00:07
EUROPA,13%,2021-12-30 12:00:07
FABIJONIŠKĖS,19%,2021-12-30 12:00:07
PERKŪNKIEMIS,14%,2021-12-30 12:00:07
PILAITĖ,10%,2021-12-30 12:00:07
SAVANORIAI,15%,2021-12-30 12:00:07
ŠILAINIAI,15%,2021-12-30 12:00:07
ŽALGIRIO ARENA,18%,2021-12-30 12:00:07
ANTAKALNIS,11%,2021-12-30 13:00:08
BANGINIS,10%,2021-12-30 13:00:08
EUROPA,13%,2021-12-30 13:00:08
FABIJONIŠKĖS,17%,2021-12-30 13:00:08
PERKŪNKIEMIS,11%,2021-12-30 13:00:08
PILAITĖ,7%,2021-12-30 13:00:08
SAVANORIAI,18%,2021-12-30 13:00:08
ŠILAINIAI,16%,2021-12-30 13:00:08
ŽALGIRIO ARENA,18%,2021-12-30 13:00:08
ANTAKALNIS,8%,2021-12-30 14:00:07
BANGINIS,8%,2021-12-30 14:00:07
EUROPA,11%,2021-12-30 14:00:07
FABIJONIŠKĖS,13%,2021-12-30 14:00:07
PERKŪNKIEMIS,8%,2021-12-30 14:00:07
PILAITĖ,8%,2021-12-30 14:00:07
SAVANORIAI,13%,2021-12-30 14:00:07
ŠILAINIAI,13%,2021-12-30 14:00:07
ŽALGIRIO ARENA,12%,2021-12-30 14:00:07
ANTAKALNIS,10%,2021-12-30 15:00:07
BANGINIS,10%,2021-12-30 15:00:07
EUROPA,9%,2021-12-30 15:00:07
FABIJONIŠKĖS,12%,2021-12-30 15:00:07
PERKŪNKIEMIS,9%,2021-12-30 15:00:07
PILAITĖ,7%,2021-12-30 15:00:07
SAVANORIAI,11%,2021-12-30 15:00:07
ŠILAINIAI,16%,2021-12-30 15:00:07
ŽALGIRIO ARENA,8%,2021-12-30 15:00:07
ANTAKALNIS,12%,2021-12-30 16:00:08
BANGINIS,13%,2021-12-30 16:00:08
EUROPA,11%,2021-12-30 16:00:08
FABIJONIŠKĖS,14%,2021-12-30 16:00:08
PERKŪNKIEMIS,8%,2021-12-30 16:00:08
PILAITĖ,8%,2021-12-30 16:00:08
SAVANORIAI,10%,2021-12-30 16:00:08
ŠILAINIAI,21%,2021-12-30 16:00:08
ŽALGIRIO ARENA,10%,2021-12-30 16:00:08
ANTAKALNIS,14%,2021-12-30 17:00:09
BANGINIS,16%,2021-12-30 17:00:09
EUROPA,15%,2021-12-30 17:00:09
FABIJONIŠKĖS,11%,2021-12-30 17:00:09
PERKŪNKIEMIS,9%,2021-12-30 17:00:09
PILAITĖ,8%,2021-12-30 17:00:09
SAVANORIAI,15%,2021-12-30 17:00:09
ŠILAINIAI,17%,2021-12-30 17:00:09
ŽALGIRIO ARENA,13%,2021-12-30 17:00:09
ANTAKALNIS,11%,2021-12-30 18:00:08
BANGINIS,19%,2021-12-30 18:00:08
EUROPA,18%,2021-12-30 18:00:08
FABIJONIŠKĖS,15%,2021-12-30 18:00:08
PERKŪNKIEMIS,14%,2021-12-30 18:00:08
PILAITĖ,9%,2021-12-30 18:00:08
SAVANORIAI,14%,2021-12-30 18:00:08
ŠILAINIAI,15%,2021-12-30 18:00:08
ŽALGIRIO ARENA,21%,2021-12-30 18:00:08
ANTAKALNIS,12%,2021-12-30 19:00:08
BANGINIS,21%,2021-12-30 19:00:08
EUROPA,11%,2021-12-30 19:00:08
FABIJONIŠKĖS,13%,2021-12-30 19:00:08
PERKŪNKIEMIS,14%,2021-12-30 19:00:08
PILAITĖ,12%,2021-12-30 19:00:08
SAVANORIAI,13%,2021-12-30 19:00:08
ŠILAINIAI,15%,2021-12-30 19:00:08
ŽALGIRIO ARENA,25%,2021-12-30 19:00:08
ANTAKALNIS,7%,2021-12-30 20:00:07
BANGINIS,16%,2021-12-30 20:00:07
EUROPA,10%,2021-12-30 20:00:07
FABIJONIŠKĖS,10%,2021-12-30 20:00:07
PERKŪNKIEMIS,16%,2021-12-30 20:00:07
PILAITĖ,10%,2021-12-30 20:00:07
SAVANORIAI,14%,2021-12-30 20:00:07
ŠILAINIAI,18%,2021-12-30 20:00:07
ŽALGIRIO ARENA,16%,2021-12-30 20:00:07
ANTAKALNIS,6%,2021-12-30 21:00:07
BANGINIS,8%,2021-12-30 21:00:07
EUROPA,7%,2021-12-30 21:00:07
FABIJONIŠKĖS,6%,2021-12-30 21:00:07
PERKŪNKIEMIS,10%,2021-12-30 21:00:07
PILAITĖ,10%,2021-12-30 21:00:07
SAVANORIAI,10%,2021-12-30 21:00:07
ŠILAINIAI,13%,2021-12-30 21:00:07
ŽALGIRIO ARENA,7%,2021-12-30 21:00:07
ANTAKALNIS,6%,2021-12-30 22:00:07
BANGINIS,5%,2021-12-30 22:00:07
EUROPA,4%,2021-12-30 22:00:07
FABIJONIŠKĖS,6%,2021-12-30 22:00:07
PERKŪNKIEMIS,7%,2021-12-30 22:00:07
PILAITĖ,4%,2021-12-30 22:00:07
SAVANORIAI,4%,2021-12-30 22:00:07
ŠILAINIAI,8%,2021-12-30 22:00:07
ŽALGIRIO ARENA,3%,2021-12-30 22:00:07
ANTAKALNIS,9%,2021-12-31 10:00:09
BANGINIS,11%,2021-12-31 10:00:09
EUROPA,6%,2021-12-31 10:00:09
FABIJONIŠKĖS,8%,2021-12-31 10:00:09
PERKŪNKIEMIS,7%,2021-12-31 10:00:09
PILAITĖ,10%,2021-12-31 10:00:09
SAVANORIAI,8%,2021-12-31 10:00:09
ŠILAINIAI,13%,2021-12-31 10:00:09
ŽALGIRIO ARENA,11%,2021-12-31 10:00:09
ANTAKALNIS,9%,2021-12-31 11:00:08
BANGINIS,8%,2021-12-31 11:00:08
EUROPA,10%,2021-12-31 11:00:08
FABIJONIŠKĖS,9%,2021-12-31 11:00:08
PERKŪNKIEMIS,5%,2021-12-31 11:00:08
PILAITĖ,10%,2021-12-31 11:00:08
SAVANORIAI,14%,2021-12-31 11:00:08
ŠILAINIAI,14%,2021-12-31 11:00:08
ŽALGIRIO ARENA,14%,2021-12-31 11:00:08
ANTAKALNIS,10%,2021-12-31 16:00:07
BANGINIS,14%,2021-12-31 16:00:07
EUROPA,9%,2021-12-31 16:00:07
FABIJONIŠKĖS,10%,2021-12-31 16:00:07
PERKŪNKIEMIS,8%,2021-12-31 16:00:07
PILAITĖ,8%,2021-12-31 16:00:07
SAVANORIAI,9%,2021-12-31 16:00:07
ŠILAINIAI,12%,2021-12-31 16:00:07
ŽALGIRIO ARENA,6%,2021-12-31 16:00:07
ANTAKALNIS,7%,2021-12-31 17:00:08
BANGINIS,10%,2021-12-31 17:00:08
EUROPA,0%,2021-12-31 17:00:08
FABIJONIŠKĖS,6%,2021-12-31 17:00:08
PERKŪNKIEMIS,5%,2021-12-31 17:00:08
PILAITĖ,9%,2021-12-31 17:00:08
SAVANORIAI,7%,2021-12-31 17:00:08
ŠILAINIAI,11%,2021-12-31 17:00:08
ŽALGIRIO ARENA,4%,2021-12-31 17:00:08
ANTAKALNIS,6%,2021-12-31 18:00:08
BANGINIS,8%,2021-12-31 18:00:08
EUROPA,0%,2021-12-31 18:00:08
FABIJONIŠKĖS,4%,2021-12-31 18:00:08
PERKŪNKIEMIS,4%,2021-12-31 18:00:08
PILAITĖ,8%,2021-12-31 18:00:08
SAVANORIAI,7%,2021-12-31 18:00:08
ŠILAINIAI,6%,2021-12-31 18:00:08
ŽALGIRIO ARENA,3%,2021-12-31 18:00:08
ANTAKALNIS,4%,2021-12-31 19:00:07
BANGINIS,4%,2021-12-31 19:00:07
EUROPA,0%,2021-12-31 19:00:07
FABIJONIŠKĖS,1%,2021-12-31 19:00:07
PERKŪNKIEMIS,3%,2021-12-31 19:00:07
PILAITĖ,5%,2021-12-31 19:00:07
SAVANORIAI,4%,2021-12-31 19:00:07
ŠILAINIAI,3%,2021-12-31 19:00:07
ŽALGIRIO ARENA,1%,2021-12-31 19:00:07
ANTAKALNIS,3%,2021-12-31 20:00:09
BANGINIS,3%,2021-12-31 20:00:09
EUROPA,0%,2021-12-31 20:00:09
FABIJONIŠKĖS,1%,2021-12-31 20:00:09
PERKŪNKIEMIS,2%,2021-12-31 20:00:09
PILAITĖ,1%,2021-12-31 20:00:09
SAVANORIAI,2%,2021-12-31 20:00:09
ŠILAINIAI,3%,2021-12-31 20:00:09
ŽALGIRIO ARENA,0%,2021-12-31 20:00:09
ANTAKALNIS,2%,2021-12-31 21:00:07
BANGINIS,1%,2021-12-31 21:00:07
EUROPA,0%,2021-12-31 21:00:07
FABIJONIŠKĖS,1%,2021-12-31 21:00:07
PERKŪNKIEMIS,1%,2021-12-31 21:00:07
PILAITĖ,1%,2021-12-31 21:00:07
SAVANORIAI,4%,2021-12-31 21:00:07
ŠILAINIAI,2%,2021-12-31 21:00:07
ŽALGIRIO ARENA,0%,2021-12-31 21:00:07
ANTAKALNIS,0%,2021-12-31 23:00:08
BANGINIS,1%,2021-12-31 23:00:08
EUROPA,0%,2021-12-31 23:00:08
FABIJONIŠKĖS,0%,2021-12-31 23:00:08
PERKŪNKIEMIS,0%,2021-12-31 23:00:08
PILAITĖ,0%,2021-12-31 23:00:08
SAVANORIAI,1%,2021-12-31 23:00:08
ŠILAINIAI,1%,2021-12-31 23:00:08
ŽALGIRIO ARENA,0%,2021-12-31 23:00:08
ANTAKALNIS,0%,2022-01-01 00:01:11
BANGINIS,0%,2022-01-01 00:01:11
EUROPA,0%,2022-01-01 00:01:11
FABIJONIŠKĖS,1%,2022-01-01 00:01:11
PERKŪNKIEMIS,0%,2022-01-01 00:01:11
PILAITĖ,1%,2022-01-01 00:01:11
SAVANORIAI,0%,2022-01-01 00:01:11
ŠILAINIAI,1%,2022-01-01 00:01:11
ŽALGIRIO ARENA,0%,2022-01-01 00:01:11
ANTAKALNIS,2%,2022-01-01 11:00:08
BANGINIS,1%,2022-01-01 11:00:08
EUROPA,0%,2022-01-01 11:00:08
FABIJONIŠKĖS,2%,2022-01-01 11:00:08
PERKŪNKIEMIS,1%,2022-01-01 11:00:08
PILAITĖ,2%,2022-01-01 11:00:08
SAVANORIAI,1%,2022-01-01 11:00:08
ŠILAINIAI,2%,2022-01-01 11:00:08
ŽALGIRIO ARENA,1%,2022-01-01 11:00:08
ANTAKALNIS,3%,2022-01-01 12:00:08
BANGINIS,4%,2022-01-01 12:00:08
EUROPA,0%,2022-01-01 12:00:08
FABIJONIŠKĖS,3%,2022-01-01 12:00:08
PERKŪNKIEMIS,3%,2022-01-01 12:00:08
PILAITĖ,3%,2022-01-01 12:00:08
SAVANORIAI,1%,2022-01-01 12:00:08
ŠILAINIAI,5%,2022-01-01 12:00:08
ŽALGIRIO ARENA,1%,2022-01-01 12:00:08
ANTAKALNIS,5%,2022-01-01 15:00:09
BANGINIS,6%,2022-01-01 15:00:09
EUROPA,0%,2022-01-01 15:00:09
FABIJONIŠKĖS,7%,2022-01-01 15:00:09
PERKŪNKIEMIS,4%,2022-01-01 15:00:09
PILAITĖ,3%,2022-01-01 15:00:09
SAVANORIAI,3%,2022-01-01 15:00:09
ŠILAINIAI,5%,2022-01-01 15:00:09
ŽALGIRIO ARENA,5%,2022-01-01 15:00:09
ANTAKALNIS,2%,2022-01-01 16:00:08
BANGINIS,5%,2022-01-01 16:00:08
EUROPA,0%,2022-01-01 16:00:08
FABIJONIŠKĖS,7%,2022-01-01 16:00:08
PERKŪNKIEMIS,2%,2022-01-01 16:00:08
PILAITĖ,4%,2022-01-01 16:00:08
SAVANORIAI,2%,2022-01-01 16:00:08
ŠILAINIAI,8%,2022-01-01 16:00:08
ŽALGIRIO ARENA,3%,2022-01-01 16:00:08
ANTAKALNIS,2%,2022-01-01 17:00:08
BANGINIS,5%,2022-01-01 17:00:08
EUROPA,0%,2022-01-01 17:00:08
FABIJONIŠKĖS,6%,2022-01-01 17:00:08
PERKŪNKIEMIS,3%,2022-01-01 17:00:08
PILAITĖ,3%,2022-01-01 17:00:08
SAVANORIAI,3%,2022-01-01 17:00:08
ŠILAINIAI,9%,2022-01-01 17:00:08
ŽALGIRIO ARENA,3%,2022-01-01 17:00:08
ANTAKALNIS,3%,2022-01-01 18:00:08
BANGINIS,7%,2022-01-01 18:00:08
EUROPA,0%,2022-01-01 18:00:08
FABIJONIŠKĖS,4%,2022-01-01 18:00:08
PERKŪNKIEMIS,2%,2022-01-01 18:00:08
PILAITĖ,4%,2022-01-01 18:00:08
SAVANORIAI,4%,2022-01-01 18:00:08
ŠILAINIAI,5%,2022-01-01 18:00:08
ŽALGIRIO ARENA,3%,2022-01-01 18:00:08
ANTAKALNIS,2%,2022-01-01 19:00:08
BANGINIS,5%,2022-01-01 19:00:08
EUROPA,0%,2022-01-01 19:00:08
FABIJONIŠKĖS,3%,2022-01-01 19:00:08
PERKŪNKIEMIS,2%,2022-01-01 19:00:08
PILAITĖ,5%,2022-01-01 19:00:08
SAVANORIAI,5%,2022-01-01 19:00:08
ŠILAINIAI,3%,2022-01-01 19:00:08
ŽALGIRIO ARENA,5%,2022-01-01 19:00:08
ANTAKALNIS,2%,2022-01-01 20:00:08
BANGINIS,4%,2022-01-01 20:00:08
EUROPA,0%,2022-01-01 20:00:08
FABIJONIŠKĖS,3%,2022-01-01 20:00:08
PERKŪNKIEMIS,1%,2022-01-01 20:00:08
PILAITĖ,2%,2022-01-01 20:00:08
SAVANORIAI,4%,2022-01-01 20:00:08
ŠILAINIAI,2%,2022-01-01 20:00:08
ŽALGIRIO ARENA,2%,2022-01-01 20:00:08
ANTAKALNIS,2%,2022-01-01 21:00:08
BANGINIS,3%,2022-01-01 21:00:08
EUROPA,0%,2022-01-01 21:00:08
FABIJONIŠKĖS,3%,2022-01-01 21:00:08
PERKŪNKIEMIS,2%,2022-01-01 21:00:08
PILAITĖ,4%,2022-01-01 21:00:08
SAVANORIAI,3%,2022-01-01 21:00:08
ŠILAINIAI,2%,2022-01-01 21:00:08
ŽALGIRIO ARENA,1%,2022-01-01 21:00:08
ANTAKALNIS,2%,2022-01-01 22:00:08
BANGINIS,3%,2022-01-01 22:00:08
EUROPA,0%,2022-01-01 22:00:08
FABIJONIŠKĖS,2%,2022-01-01 22:00:08
PERKŪNKIEMIS,0%,2022-01-01 22:00:08
PILAITĖ,3%,2022-01-01 22:00:08
SAVANORIAI,1%,2022-01-01 22:00:08
ŠILAINIAI,4%,2022-01-01 22:00:08
ŽALGIRIO ARENA,0%,2022-01-01 22:00:08
ANTAKALNIS,2%,2022-01-01 23:00:09
BANGINIS,2%,2022-01-01 23:00:09
EUROPA,0%,2022-01-01 23:00:09
FABIJONIŠKĖS,1%,2022-01-01 23:00:09
PERKŪNKIEMIS,0%,2022-01-01 23:00:09
PILAITĖ,1%,2022-01-01 23:00:09
SAVANORIAI,1%,2022-01-01 23:00:09
ŠILAINIAI,4%,2022-01-01 23:00:09
ŽALGIRIO ARENA,0%,2022-01-01 23:00:09
ANTAKALNIS,13%,2022-01-05 15:00:07
BANGINIS,13%,2022-01-05 15:00:07
EUROPA,11%,2022-01-05 15:00:07
FABIJONIŠKĖS,12%,2022-01-05 15:00:07
PERKŪNKIEMIS,8%,2022-01-05 15:00:07
PILAITĖ,6%,2022-01-05 15:00:07
SAVANORIAI,10%,2022-01-05 15:00:07
ŠILAINIAI,10%,2022-01-05 15:00:07
ŽALGIRIO ARENA,10%,2022-01-05 15:00:07
ANTAKALNIS,14%,2022-01-05 16:00:08
BANGINIS,11%,2022-01-05 16:00:08
EUROPA,13%,2022-01-05 16:00:08
FABIJONIŠKĖS,14%,2022-01-05 16:00:08
PERKŪNKIEMIS,6%,2022-01-05 16:00:08
PILAITĖ,7%,2022-01-05 16:00:08
SAVANORIAI,15%,2022-01-05 16:00:08
ŠILAINIAI,14%,2022-01-05 16:00:08
ŽALGIRIO ARENA,13%,2022-01-05 16:00:08
ANTAKALNIS,25%,2022-01-05 17:00:07
BANGINIS,17%,2022-01-05 17:00:07
EUROPA,22%,2022-01-05 17:00:07
FABIJONIŠKĖS,21%,2022-01-05 17:00:07
PERKŪNKIEMIS,14%,2022-01-05 17:00:07
PILAITĖ,18%,2022-01-05 17:00:07
SAVANORIAI,20%,2022-01-05 17:00:07
ŠILAINIAI,25%,2022-01-05 17:00:07
ŽALGIRIO ARENA,22%,2022-01-05 17:00:07
ANTAKALNIS,21%,2022-01-05 18:00:07
BANGINIS,25%,2022-01-05 18:00:07
EUROPA,22%,2022-01-05 18:00:07
FABIJONIŠKĖS,19%,2022-01-05 18:00:07
PERKŪNKIEMIS,20%,2022-01-05 18:00:07
PILAITĖ,23%,2022-01-05 18:00:07
SAVANORIAI,18%,2022-01-05 18:00:07
ŠILAINIAI,22%,2022-01-05 18:00:07
ŽALGIRIO ARENA,20%,2022-01-05 18:00:07
ANTAKALNIS,17%,2022-01-05 19:00:10
BANGINIS,28%,2022-01-05 19:00:10
EUROPA,20%,2022-01-05 19:00:10
FABIJONIŠKĖS,16%,2022-01-05 19:00:10
PERKŪNKIEMIS,21%,2022-01-05 19:00:10
PILAITĖ,22%,2022-01-05 19:00:10
SAVANORIAI,15%,2022-01-05 19:00:10
ŠILAINIAI,24%,2022-01-05 19:00:10
ŽALGIRIO ARENA,23%,2022-01-05 19:00:10
ANTAKALNIS,13%,2022-01-05 20:00:07
BANGINIS,28%,2022-01-05 20:00:07
EUROPA,14%,2022-01-05 20:00:07
FABIJONIŠKĖS,17%,2022-01-05 20:00:07
PERKŪNKIEMIS,21%,2022-01-05 20:00:07
PILAITĖ,18%,2022-01-05 20:00:07
SAVANORIAI,23%,2022-01-05 20:00:07
ŠILAINIAI,22%,2022-01-05 20:00:07
ŽALGIRIO ARENA,26%,2022-01-05 20:00:07
ANTAKALNIS,5%,2022-01-06 10:00:10
BANGINIS,10%,2022-01-06 10:00:10
EUROPA,12%,2022-01-06 10:00:10
FABIJONIŠKĖS,6%,2022-01-06 10:00:10
PERKŪNKIEMIS,7%,2022-01-06 10:00:10
PILAITĖ,5%,2022-01-06 10:00:10
SAVANORIAI,9%,2022-01-06 10:00:10
ŠILAINIAI,11%,2022-01-06 10:00:10
ŽALGIRIO ARENA,6%,2022-01-06 10:00:10
ANTAKALNIS,8%,2022-01-06 11:00:09
BANGINIS,12%,2022-01-06 11:00:09
EUROPA,12%,2022-01-06 11:00:09
FABIJONIŠKĖS,8%,2022-01-06 11:00:09
PERKŪNKIEMIS,6%,2022-01-06 11:00:09
PILAITĖ,6%,2022-01-06 11:00:09
SAVANORIAI,11%,2022-01-06 11:00:09
ŠILAINIAI,12%,2022-01-06 11:00:09
ŽALGIRIO ARENA,10%,2022-01-06 11:00:09
ANTAKALNIS,14%,2022-01-06 12:00:08
BANGINIS,13%,2022-01-06 12:00:08
EUROPA,15%,2022-01-06 12:00:08
FABIJONIŠKĖS,9%,2022-01-06 12:00:08
PERKŪNKIEMIS,11%,2022-01-06 12:00:08
PILAITĖ,10%,2022-01-06 12:00:08
SAVANORIAI,13%,2022-01-06 12:00:08
ŠILAINIAI,18%,2022-01-06 12:00:08
ŽALGIRIO ARENA,17%,2022-01-06 12:00:08
ANTAKALNIS,16%,2022-01-06 13:00:08
BANGINIS,15%,2022-01-06 13:00:08
EUROPA,16%,2022-01-06 13:00:08
FABIJONIŠKĖS,15%,2022-01-06 13:00:08
PERKŪNKIEMIS,13%,2022-01-06 13:00:08
PILAITĖ,10%,2022-01-06 13:00:08
SAVANORIAI,15%,2022-01-06 13:00:08
ŠILAINIAI,14%,2022-01-06 13:00:08
ŽALGIRIO ARENA,17%,2022-01-06 13:00:08
ANTAKALNIS,11%,2022-01-06 14:00:08
BANGINIS,15%,2022-01-06 14:00:08
EUROPA,11%,2022-01-06 14:00:08
FABIJONIŠKĖS,17%,2022-01-06 14:00:08
PERKŪNKIEMIS,10%,2022-01-06 14:00:08
PILAITĖ,11%,2022-01-06 14:00:08
SAVANORIAI,13%,2022-01-06 14:00:08
ŠILAINIAI,14%,2022-01-06 14:00:08
ŽALGIRIO ARENA,10%,2022-01-06 14:00:08
ANTAKALNIS,12%,2022-01-07 15:00:07
BANGINIS,16%,2022-01-07 15:00:07
EUROPA,13%,2022-01-07 15:00:07
FABIJONIŠKĖS,18%,2022-01-07 15:00:07
PERKŪNKIEMIS,9%,2022-01-07 15:00:07
PILAITĖ,8%,2022-01-07 15:00:07
SAVANORIAI,16%,2022-01-07 15:00:07
ŠILAINIAI,23%,2022-01-07 15:00:07
ŽALGIRIO ARENA,15%,2022-01-07 15:00:07
ANTAKALNIS,20%,2022-01-07 16:00:07
BANGINIS,20%,2022-01-07 16:00:07
EUROPA,14%,2022-01-07 16:00:07
FABIJONIŠKĖS,17%,2022-01-07 16:00:07
PERKŪNKIEMIS,8%,2022-01-07 16:00:07
PILAITĖ,9%,2022-01-07 16:00:07
SAVANORIAI,13%,2022-01-07 16:00:07
ŠILAINIAI,27%,2022-01-07 16:00:07
ŽALGIRIO ARENA,14%,2022-01-07 16:00:07
ANTAKALNIS,23%,2022-01-07 17:00:07
BANGINIS,20%,2022-01-07 17:00:07
EUROPA,18%,2022-01-07 17:00:07
FABIJONIŠKĖS,24%,2022-01-07 17:00:07
PERKŪNKIEMIS,15%,2022-01-07 17:00:07
PILAITĖ,11%,2022-01-07 17:00:07
SAVANORIAI,19%,2022-01-07 17:00:07
ŠILAINIAI,23%,2022-01-07 17:00:07
ŽALGIRIO ARENA,17%,2022-01-07 17:00:07
ANTAKALNIS,16%,2022-01-07 18:00:08
BANGINIS,27%,2022-01-07 18:00:08
EUROPA,23%,2022-01-07 18:00:08
FABIJONIŠKĖS,22%,2022-01-07 18:00:08
PERKŪNKIEMIS,22%,2022-01-07 18:00:08
PILAITĖ,10%,2022-01-07 18:00:08
SAVANORIAI,26%,2022-01-07 18:00:08
ŠILAINIAI,19%,2022-01-07 18:00:08
ŽALGIRIO ARENA,20%,2022-01-07 18:00:08
ANTAKALNIS,20%,2022-01-07 19:00:09
BANGINIS,24%,2022-01-07 19:00:09
EUROPA,19%,2022-01-07 19:00:09
FABIJONIŠKĖS,12%,2022-01-07 19:00:09
PERKŪNKIEMIS,24%,2022-01-07 19:00:09
PILAITĖ,15%,2022-01-07 19:00:09
SAVANORIAI,23%,2022-01-07 19:00:09
ŠILAINIAI,23%,2022-01-07 19:00:09
ŽALGIRIO ARENA,21%,2022-01-07 19:00:09
